{
  "query_file": "/home/eden/GraduationProject/ember-sgm/resources/plan/neo4j_ordered/ldbc-bi-11.json",
  "storage_type": "sqlite",
  "cache_size": 512,
  "num_runs": 10,
  "num_warmup": 1,
  "timing": {
    "min_ms": 38.244103,
    "max_ms": 47.067121,
    "avg_ms": 42.146759875,
    "all_runs_ms": [
      38.041247,
      39.498024,
      39.167398,
      38.244103,
      49.330059000000006,
      43.03481,
      42.638947,
      47.067121,
      44.693305,
      42.830371
    ]
  },
  "resource_usage": [
    {
      "timestamp_ms": 1746100998945,
      "cpu_usage_percent": 18.235294,
      "memory_bytes": 11964248064
    },
    {
      "timestamp_ms": 1746100999161,
      "cpu_usage_percent": 19.495413,
      "memory_bytes": 11964248064
    },
    {
      "timestamp_ms": 1746100999374,
      "cpu_usage_percent": 7.9518075,
      "memory_bytes": 11932852224
    }
  ]
}