{
  "query_file": "/home/eden/GraduationProject/ember-sgm/resources/plan/neo4j_ordered/ldbc-bi-11.json",
  "storage_type": "sqlite",
  "cache_size": 512,
  "num_runs": 10,
  "num_warmup": 1,
  "timing": {
    "min_ms": 51.01137,
    "max_ms": 60.253111,
    "avg_ms": 56.22453075,
    "all_runs_ms": [
      53.995286,
      57.623182,
      51.01137,
      54.237611,
      59.234828,
      61.959751,
      47.860508,
      54.112607,
      59.328251,
      60.253111
    ]
  },
  "resource_usage": [
    {
      "timestamp_ms": 1746083183232,
      "cpu_usage_percent": 22.444445,
      "memory_bytes": 4498165760
    },
    {
      "timestamp_ms": 1746083183442,
      "cpu_usage_percent": 20.56075,
      "memory_bytes": 4498165760
    },
    {
      "timestamp_ms": 1746083183653,
      "cpu_usage_percent": 22.76215,
      "memory_bytes": 4498165760
    },
    {
      "timestamp_ms": 1746083183860,
      "cpu_usage_percent": 6.015037,
      "memory_bytes": 4498042880
    }
  ]
}