{
  "query_file": "/home/eden/GraduationProject/ember-sgm/resources/plan/ldbc-bi-10.json",
  "storage_type": "sqlite",
  "cache_size": 512,
  "num_runs": 10,
  "num_warmup": 1,
  "timing": {
    "min_ms": 869.33848,
    "max_ms": 1073.657365,
    "avg_ms": 952.8614827499999,
    "all_runs_ms": [
      934.250145,
      1073.657365,
      951.872825,
      997.2007189999999,
      942.12976,
      860.2278239999999,
      960.4788749999999,
      1088.6026140000001,
      869.33848,
      893.963693
    ]
  }
}