{
  "query_file": "/home/eden/GraduationProject/ember-sgm/resources/plan/ldbc-bi-13.json",
  "storage_type": "neo4j",
  "cache_size": 512,
  "num_runs": 10,
  "num_warmup": 1,
  "timing": {
    "min_ms": 16.628158,
    "max_ms": 18.908659,
    "avg_ms": 17.825165624999997,
    "all_runs_ms": [
      18.891381,
      16.412098999999998,
      16.628158,
      17.775505,
      17.809355,
      17.580175,
      19.035819999999998,
      18.908659,
      17.902247,
      17.105845000000002
    ]
  },
  "resource_usage": [
    {
      "timestamp_ms": 1746086219045,
      "cpu_usage_percent": 3.501094,
      "memory_bytes": 4501377024
    },
    {
      "timestamp_ms": 1746086219251,
      "cpu_usage_percent": 18.446602,
      "memory_bytes": 4501377024
    }
  ]
}