{
  "query_file": "/home/eden/GraduationProject/ember-sgm/resources/plan/ldbc-bi-18.json",
  "storage_type": "neo4j",
  "cache_size": 512,
  "num_runs": 10,
  "num_warmup": 1,
  "timing": {
    "min_ms": 29.466758,
    "max_ms": 32.610366,
    "avg_ms": 31.218747375,
    "all_runs_ms": [
      32.610366,
      31.464376,
      30.264421,
      31.528494999999996,
      29.466758,
      28.192314,
      32.040665000000004,
      31.414797,
      30.960101,
      36.072610999999995
    ]
  }
}