{
  "query_file": "/home/eden/GraduationProject/ember-sgm/resources/plan/ldbc-bi-10.json",
  "storage_type": "sqlite",
  "cache_size": 512,
  "num_runs": 10,
  "num_warmup": 1,
  "timing": {
    "min_ms": 839.876022,
    "max_ms": 976.895562,
    "avg_ms": 922.52219425,
    "all_runs_ms": [
      887.535031,
      716.015119,
      1005.3453619999999,
      976.83704,
      891.78989,
      949.8979840000001,
      976.895562,
      950.697675,
      839.876022,
      906.6483499999999
    ]
  }
}