{
  "query_file": "/home/eden/GraduationProject/ember-sgm/resources/plan/ldbc-bi-13.json",
  "storage_type": "neo4j",
  "cache_size": 512,
  "num_runs": 10,
  "num_warmup": 1,
  "timing": {
    "min_ms": 570.310833,
    "max_ms": 650.339907,
    "avg_ms": 603.7266026249999,
    "all_runs_ms": [
      650.339907,
      580.185858,
      552.0798030000001,
      583.1301679999999,
      570.310833,
      678.17971,
      599.0754029999999,
      610.682999,
      647.706613,
      588.38104
    ]
  }
}