{
  "query_file": "/home/eden/GraduationProject/ember-sgm/resources/plan/ldbc-bi-19.json",
  "storage_type": "neo4j",
  "cache_size": 512,
  "num_runs": 10,
  "num_warmup": 1,
  "timing": {
    "min_ms": 14.801285,
    "max_ms": 18.295288,
    "avg_ms": 16.72454975,
    "all_runs_ms": [
      21.19436,
      18.295288,
      17.308694,
      16.185722,
      16.995838,
      17.086834,
      17.422989,
      14.801285,
      15.699748,
      14.702043
    ]
  },
  "resource_usage": [
    {
      "timestamp_ms": 1746086223176,
      "cpu_usage_percent": 2.8260868,
      "memory_bytes": 4501389312
    },
    {
      "timestamp_ms": 1746086223383,
      "cpu_usage_percent": 11.302211,
      "memory_bytes": 4501389312
    }
  ]
}