{
  "query_file": "/home/eden/GraduationProject/ember-sgm/resources/plan/ldbc-bi-16.json",
  "storage_type": "neo4j",
  "cache_size": 512,
  "num_runs": 10,
  "num_warmup": 1,
  "timing": {
    "min_ms": 14.753729,
    "max_ms": 16.8245,
    "avg_ms": 15.982716749999998,
    "all_runs_ms": [
      17.58648,
      15.43835,
      16.612157,
      15.663249,
      14.181334,
      16.617866,
      15.503559,
      16.8245,
      14.753729,
      16.448324
    ]
  },
  "resource_usage": [
    {
      "timestamp_ms": 1746083188261,
      "cpu_usage_percent": 4.4871798,
      "memory_bytes": 4498104320
    },
    {
      "timestamp_ms": 1746083188468,
      "cpu_usage_percent": 20.240965,
      "memory_bytes": 4498104320
    }
  ]
}