{
  "query_file": "/home/eden/GraduationProject/ember-sgm/resources/plan/ldbc-bi-14.json",
  "storage_type": "neo4j",
  "cache_size": 512,
  "num_runs": 10,
  "num_warmup": 1,
  "timing": {
    "min_ms": 134.187436,
    "max_ms": 163.43919000000002,
    "avg_ms": 142.574165125,
    "all_runs_ms": [
      147.580015,
      141.623875,
      143.583105,
      134.187436,
      127.993844,
      163.43919000000002,
      164.634279,
      134.807389,
      136.09896799999999,
      139.27334299999998
    ]
  }
}