{
  "query_file": "/home/eden/GraduationProject/ember-sgm/resources/plan/ldbc-bi-14.json",
  "storage_type": "neo4j",
  "cache_size": 512,
  "num_runs": 10,
  "num_warmup": 1,
  "timing": {
    "min_ms": 32.930111999999994,
    "max_ms": 36.069008,
    "avg_ms": 34.723860125,
    "all_runs_ms": [
      41.623378,
      35.906279999999995,
      32.930111999999994,
      30.684399000000003,
      36.069008,
      33.97531,
      33.866394,
      36.056032,
      35.399802,
      33.587943
    ]
  },
  "resource_usage": [
    {
      "timestamp_ms": 1746086219486,
      "cpu_usage_percent": 10.615711,
      "memory_bytes": 4501377024
    },
    {
      "timestamp_ms": 1746086219696,
      "cpu_usage_percent": 18.433178,
      "memory_bytes": 4501377024
    },
    {
      "timestamp_ms": 1746086219902,
      "cpu_usage_percent": 11.633663,
      "memory_bytes": 4501377024
    }
  ]
}