{
  "query_file": "/home/eden/GraduationProject/ember-sgm/resources/plan/ldbc-bi-1.json",
  "storage_type": "neo4j",
  "cache_size": 512,
  "num_runs": 10,
  "num_warmup": 1,
  "timing": {
    "min_ms": 1.198925,
    "max_ms": 2.371253,
    "avg_ms": 1.786384375,
    "all_runs_ms": [
      1.0873869999999999,
      1.198925,
      1.491546,
      1.586733,
      2.371253,
      1.725941,
      1.911165,
      2.170321,
      1.835191,
      2.643774
    ]
  },
  "resource_usage": []
}