{
  "query_file": "/home/eden/GraduationProject/ember-sgm/resources/plan/ldbc-bi-1.json",
  "storage_type": "neo4j",
  "cache_size": 512,
  "num_runs": 10,
  "num_warmup": 1,
  "timing": {
    "min_ms": 4.229367000000001,
    "max_ms": 6.104520000000001,
    "avg_ms": 4.709182,
    "all_runs_ms": [
      7.096507,
      4.246903,
      6.104520000000001,
      4.685333,
      3.846235,
      4.229367000000001,
      4.336991,
      4.633965,
      4.878297,
      4.55808
    ]
  }
}