{
  "query_file": "/home/eden/GraduationProject/ember-sgm/resources/plan/ldbc-bi-15.json",
  "storage_type": "neo4j",
  "cache_size": 512,
  "num_runs": 10,
  "num_warmup": 1,
  "timing": {
    "min_ms": 25.58925,
    "max_ms": 30.255915,
    "avg_ms": 27.785469125,
    "all_runs_ms": [
      27.175793,
      28.119607000000002,
      27.092952,
      36.490265,
      28.77992,
      27.759090999999998,
      27.511225,
      30.255915,
      25.58925,
      24.985387000000003
    ]
  },
  "resource_usage": [
    {
      "timestamp_ms": 1746096725375,
      "cpu_usage_percent": 4.4660196,
      "memory_bytes": 7310229504
    },
    {
      "timestamp_ms": 1746096725583,
      "cpu_usage_percent": 8.314088,
      "memory_bytes": 7310229504
    },
    {
      "timestamp_ms": 1746096725792,
      "cpu_usage_percent": 18.032787,
      "memory_bytes": 7310229504
    },
    {
      "timestamp_ms": 1746096725999,
      "cpu_usage_percent": 2.6570046,
      "memory_bytes": 7310229504
    }
  ]
}