{
  "query_file": "/home/eden/GraduationProject/ember-sgm/resources/plan/ldbc-bi-16.json",
  "storage_type": "neo4j",
  "cache_size": 512,
  "num_runs": 10,
  "num_warmup": 1,
  "timing": {
    "min_ms": 64.150541,
    "max_ms": 71.73310099999999,
    "avg_ms": 67.92181,
    "all_runs_ms": [
      64.30815199999999,
      69.59750100000001,
      67.215362,
      81.649564,
      71.73310099999999,
      64.150541,
      65.468347,
      63.767583,
      69.20488800000001,
      71.696588
    ]
  }
}