{
  "query_file": "/home/eden/GraduationProject/ember-sgm/resources/plan/ldbc-bi-15.json",
  "storage_type": "neo4j",
  "cache_size": 512,
  "num_runs": 10,
  "num_warmup": 1,
  "timing": {
    "min_ms": 974.386607,
    "max_ms": 1031.809819,
    "avg_ms": 1002.26814625,
    "all_runs_ms": [
      984.65651,
      1005.718264,
      1031.809819,
      1066.957708,
      1021.943265,
      998.2210289999999,
      957.89726,
      991.648906,
      974.386607,
      1009.76077
    ]
  }
}