{
  "query_file": "/home/eden/GraduationProject/ember-sgm/resources/plan/ldbc-bi-19.json",
  "storage_type": "neo4j",
  "cache_size": 512,
  "num_runs": 10,
  "num_warmup": 1,
  "timing": {
    "min_ms": 14.107995,
    "max_ms": 16.724446,
    "avg_ms": 15.212192625000002,
    "all_runs_ms": [
      19.223218,
      15.507188,
      14.107995,
      13.499975000000001,
      14.174176000000001,
      15.789572000000001,
      15.509516,
      16.724446,
      15.728451000000002,
      14.156197
    ]
  },
  "resource_usage": [
    {
      "timestamp_ms": 1746101003851,
      "cpu_usage_percent": 7.604563,
      "memory_bytes": 11932852224
    },
    {
      "timestamp_ms": 1746101004063,
      "cpu_usage_percent": 3.0952382,
      "memory_bytes": 11932852224
    }
  ]
}