{
  "query_file": "/home/eden/GraduationProject/ember-sgm/resources/plan/ldbc-bi-14.json",
  "storage_type": "neo4j",
  "cache_size": 512,
  "num_runs": 10,
  "num_warmup": 1,
  "timing": {
    "min_ms": 30.480721999999997,
    "max_ms": 35.779366,
    "avg_ms": 33.176177124999995,
    "all_runs_ms": [
      33.76809,
      30.741514000000002,
      32.931268,
      30.480721999999997,
      30.373082999999998,
      35.779366,
      33.808420999999996,
      36.207961,
      32.965348999999996,
      34.934687
    ]
  },
  "resource_usage": [
    {
      "timestamp_ms": 1746101000498,
      "cpu_usage_percent": 8.637236,
      "memory_bytes": 11932852224
    },
    {
      "timestamp_ms": 1746101000713,
      "cpu_usage_percent": 18.62069,
      "memory_bytes": 11932852224
    },
    {
      "timestamp_ms": 1746101000927,
      "cpu_usage_percent": 8.767773,
      "memory_bytes": 11932852224
    }
  ]
}