{
  "query_file": "/home/eden/GraduationProject/ember-sgm/resources/plan/ldbc-bi-1.json",
  "storage_type": "neo4j",
  "cache_size": 512,
  "num_runs": 10,
  "num_warmup": 1,
  "timing": {
    "min_ms": 0.8420679999999999,
    "max_ms": 1.707489,
    "avg_ms": 1.2929235000000001,
    "all_runs_ms": [
      0.699546,
      0.8420679999999999,
      1.017196,
      1.000065,
      1.240739,
      1.328467,
      1.5873680000000001,
      1.619996,
      1.707489,
      2.083204
    ]
  },
  "resource_usage": [
    {
      "timestamp_ms": 1746086190606,
      "cpu_usage_percent": 0.24330902,
      "memory_bytes": 2920665088
    },
    {
      "timestamp_ms": 1746086190812,
      "cpu_usage_percent": 1.4634145,
      "memory_bytes": 2920890368
    }
  ]
}