{
  "query_file": "/home/eden/GraduationProject/ember-sgm/resources/plan/ldbc-bi-18.json",
  "storage_type": "neo4j",
  "cache_size": 512,
  "num_runs": 10,
  "num_warmup": 1,
  "timing": {
    "min_ms": 7.7645550000000005,
    "max_ms": 9.281657000000001,
    "avg_ms": 8.26831575,
    "all_runs_ms": [
      8.226823,
      7.7645550000000005,
      9.33655,
      8.071363,
      8.498916000000001,
      9.281657000000001,
      8.00271,
      7.713045,
      8.016852,
      8.28365
    ]
  },
  "resource_usage": [
    {
      "timestamp_ms": 1746096727981,
      "cpu_usage_percent": 7.399577,
      "memory_bytes": 7310229504
    }
  ]
}