{
  "query_file": "/home/eden/GraduationProject/ember-sgm/resources/plan/ldbc-bi-16.json",
  "storage_type": "neo4j",
  "cache_size": 512,
  "num_runs": 10,
  "num_warmup": 1,
  "timing": {
    "min_ms": 13.871344,
    "max_ms": 18.598116,
    "avg_ms": 15.302579625,
    "all_runs_ms": [
      16.157198,
      14.305207000000001,
      13.890659,
      14.94131,
      15.848773,
      14.80803,
      20.910166,
      18.598116,
      13.871344,
      12.104498
    ]
  },
  "resource_usage": [
    {
      "timestamp_ms": 1746096726232,
      "cpu_usage_percent": 12.121213,
      "memory_bytes": 7310229504
    },
    {
      "timestamp_ms": 1746096726439,
      "cpu_usage_percent": 6.746988,
      "memory_bytes": 7310229504
    }
  ]
}