{
  "query_file": "/home/eden/GraduationProject/ember-sgm/resources/plan/ldbc-bi-12.json",
  "storage_type": "neo4j",
  "cache_size": 512,
  "num_runs": 10,
  "num_warmup": 1,
  "timing": {
    "min_ms": 334.62078099999997,
    "max_ms": 381.310362,
    "avg_ms": 349.894347625,
    "all_runs_ms": [
      381.310362,
      407.11375599999997,
      364.822164,
      362.55703900000003,
      314.863357,
      344.257397,
      336.39354399999996,
      337.376529,
      334.62078099999997,
      337.81696500000004
    ]
  }
}