{
  "query_file": "/home/eden/GraduationProject/ember-sgm/resources/plan/ldbc-bi-14.json",
  "storage_type": "neo4j",
  "cache_size": 512,
  "num_runs": 10,
  "num_warmup": 1,
  "timing": {
    "min_ms": 28.524938,
    "max_ms": 31.933424000000002,
    "avg_ms": 30.31435325,
    "all_runs_ms": [
      40.208197,
      30.830265,
      30.288149999999998,
      31.933424000000002,
      28.524938,
      31.464863,
      28.911811,
      30.879081,
      29.682294000000002,
      28.244488
    ]
  },
  "resource_usage": [
    {
      "timestamp_ms": 1746096724715,
      "cpu_usage_percent": 5.8052435,
      "memory_bytes": 7310229504
    },
    {
      "timestamp_ms": 1746096724923,
      "cpu_usage_percent": 16.272968,
      "memory_bytes": 7310229504
    },
    {
      "timestamp_ms": 1746096725132,
      "cpu_usage_percent": 16.705883,
      "memory_bytes": 7310229504
    }
  ]
}