{
  "query_file": "/home/eden/GraduationProject/ember-sgm/resources/plan/ldbc-bi-1.json",
  "storage_type": "neo4j",
  "cache_size": 512,
  "num_runs": 10,
  "num_warmup": 1,
  "timing": {
    "min_ms": 1.0104680000000001,
    "max_ms": 2.077411,
    "avg_ms": 1.62448525,
    "all_runs_ms": [
      0.8201,
      1.0104680000000001,
      1.1330820000000001,
      1.395704,
      1.727762,
      1.60987,
      2.077411,
      1.979847,
      2.145496,
      2.061738
    ]
  },
  "resource_usage": []
}