{
  "query_file": "/home/eden/GraduationProject/ember-sgm/resources/plan/ldbc-bi-18.json",
  "storage_type": "neo4j",
  "cache_size": 512,
  "num_runs": 10,
  "num_warmup": 1,
  "timing": {
    "min_ms": 7.152023000000001,
    "max_ms": 8.178509,
    "avg_ms": 7.5607435,
    "all_runs_ms": [
      8.293263,
      8.178509,
      8.019797,
      7.332713999999999,
      7.43281,
      7.152023000000001,
      6.762644,
      7.448208,
      7.546389,
      7.375498
    ]
  },
  "resource_usage": [
    {
      "timestamp_ms": 1746086222946,
      "cpu_usage_percent": 6.7245116,
      "memory_bytes": 4501389312
    }
  ]
}