{
  "query_file": "/home/eden/GraduationProject/ember-sgm/resources/plan/ldbc-bi-12.json",
  "storage_type": "neo4j",
  "cache_size": 512,
  "num_runs": 10,
  "num_warmup": 1,
  "timing": {
    "min_ms": 3.185753,
    "max_ms": 4.046755,
    "avg_ms": 3.5315362500000003,
    "all_runs_ms": [
      4.406132,
      3.831554,
      3.294048,
      3.203029,
      3.087345,
      4.046755,
      3.403301,
      3.185753,
      3.7174579999999997,
      3.570392
    ]
  },
  "resource_usage": [
    {
      "timestamp_ms": 1746100999694,
      "cpu_usage_percent": 2.5641024,
      "memory_bytes": 11932852224
    }
  ]
}