{
  "query_file": "/home/eden/GraduationProject/ember-sgm/resources/plan/ldbc-bi-16.json",
  "storage_type": "neo4j",
  "cache_size": 512,
  "num_runs": 10,
  "num_warmup": 1,
  "timing": {
    "min_ms": 12.906462000000001,
    "max_ms": 15.959940999999999,
    "avg_ms": 14.85797075,
    "all_runs_ms": [
      18.605724000000002,
      15.616761,
      15.815255,
      15.959940999999999,
      13.575719999999999,
      12.906462000000001,
      11.856062000000001,
      14.097148,
      15.884819000000002,
      15.007660000000001
    ]
  },
  "resource_usage": [
    {
      "timestamp_ms": 1746101001926,
      "cpu_usage_percent": 11.836735,
      "memory_bytes": 11932852224
    },
    {
      "timestamp_ms": 1746101002138,
      "cpu_usage_percent": 8.1264105,
      "memory_bytes": 11932852224
    }
  ]
}