{
  "query_file": "/home/eden/GraduationProject/ember-sgm/resources/plan/neo4j_ordered/ldbc-bi-11.json",
  "storage_type": "sqlite",
  "cache_size": 512,
  "num_runs": 10,
  "num_warmup": 1,
  "timing": {
    "min_ms": 44.093965,
    "max_ms": 47.210948,
    "avg_ms": 45.518777375,
    "all_runs_ms": [
      41.641721,
      45.976873000000005,
      45.267573,
      47.421166,
      47.210948,
      45.827853000000005,
      45.38521,
      44.093965,
      46.071275,
      44.316522
    ]
  },
  "resource_usage": [
    {
      "timestamp_ms": 1746086217525,
      "cpu_usage_percent": 20.90909,
      "memory_bytes": 4501438464
    },
    {
      "timestamp_ms": 1746086217735,
      "cpu_usage_percent": 20.531399,
      "memory_bytes": 4501438464
    },
    {
      "timestamp_ms": 1746086217942,
      "cpu_usage_percent": 14.215686,
      "memory_bytes": 4501315584
    }
  ]
}