{
  "query_file": "/home/eden/GraduationProject/ember-sgm/resources/plan/ldbc-bi-16.json",
  "storage_type": "neo4j",
  "cache_size": 512,
  "num_runs": 10,
  "num_warmup": 1,
  "timing": {
    "min_ms": 550.978482,
    "max_ms": 573.397175,
    "avg_ms": 557.857596,
    "all_runs_ms": [
      538.27644,
      555.249281,
      554.027119,
      573.397175,
      576.6128,
      550.978482,
      554.852259,
      563.3849600000001,
      557.3246710000001,
      553.6468209999999
    ]
  }
}