{
  "query_file": "/home/eden/GraduationProject/ember-sgm/resources/plan/ldbc-bi-19.json",
  "storage_type": "neo4j",
  "cache_size": 512,
  "num_runs": 10,
  "num_warmup": 1,
  "timing": {
    "min_ms": 241.608706,
    "max_ms": 267.031639,
    "avg_ms": 252.14023162500004,
    "all_runs_ms": [
      259.723347,
      251.941139,
      246.24202,
      255.39571100000003,
      242.382308,
      252.79698299999998,
      269.679669,
      241.608706,
      267.031639,
      237.282568
    ]
  }
}