{
  "query_file": "/home/eden/GraduationProject/ember-sgm/resources/plan/ldbc-bi-19.json",
  "storage_type": "neo4j",
  "cache_size": 512,
  "num_runs": 10,
  "num_warmup": 1,
  "timing": {
    "min_ms": 19.75555,
    "max_ms": 26.494813999999998,
    "avg_ms": 22.816198124999996,
    "all_runs_ms": [
      26.719758,
      24.634738,
      26.354978000000003,
      22.856021000000002,
      26.494813999999998,
      19.75555,
      20.596513,
      21.679695,
      20.157276,
      19.340188
    ]
  },
  "resource_usage": [
    {
      "timestamp_ms": 1746083191065,
      "cpu_usage_percent": 1.4861996,
      "memory_bytes": 4498104320
    },
    {
      "timestamp_ms": 1746083191273,
      "cpu_usage_percent": 11.662531,
      "memory_bytes": 4498104320
    },
    {
      "timestamp_ms": 1746083191480,
      "cpu_usage_percent": 8.521303,
      "memory_bytes": 4498104320
    }
  ]
}