{
  "query_file": "/home/eden/GraduationProject/ember-sgm/resources/plan/ldbc-bi-19.json",
  "storage_type": "neo4j",
  "cache_size": 512,
  "num_runs": 10,
  "num_warmup": 1,
  "timing": {
    "min_ms": 15.630676999999999,
    "max_ms": 16.93111,
    "avg_ms": 16.1087095,
    "all_runs_ms": [
      18.489670999999998,
      16.404466,
      16.146971999999998,
      15.663751,
      15.701261,
      16.93111,
      15.880244000000001,
      15.630676999999999,
      16.511195,
      15.402588
    ]
  },
  "resource_usage": [
    {
      "timestamp_ms": 1746096728224,
      "cpu_usage_percent": 6.926407,
      "memory_bytes": 7310229504
    },
    {
      "timestamp_ms": 1746096728432,
      "cpu_usage_percent": 6.2953997,
      "memory_bytes": 7310229504
    }
  ]
}