{
  "query_file": "/home/eden/GraduationProject/ember-sgm/resources/plan/ldbc-bi-18.json",
  "storage_type": "neo4j",
  "cache_size": 512,
  "num_runs": 10,
  "num_warmup": 1,
  "timing": {
    "min_ms": 6.940516,
    "max_ms": 7.724305,
    "avg_ms": 7.280016874999999,
    "all_runs_ms": [
      6.940516,
      7.320595,
      7.724305,
      7.128209,
      6.986575,
      6.817492,
      7.640554,
      6.976365,
      7.523016,
      8.961244
    ]
  },
  "resource_usage": [
    {
      "timestamp_ms": 1746101003590,
      "cpu_usage_percent": 6.048387,
      "memory_bytes": 11932852224
    }
  ]
}