{
  "query_file": "/home/eden/GraduationProject/ember-sgm/resources/plan/ldbc-bi-12.json",
  "storage_type": "neo4j",
  "cache_size": 512,
  "num_runs": 10,
  "num_warmup": 1,
  "timing": {
    "min_ms": 5.269857999999999,
    "max_ms": 6.58442,
    "avg_ms": 5.902630375,
    "all_runs_ms": [
      5.269857999999999,
      3.627511,
      5.9566159999999995,
      6.385523,
      5.359285,
      7.425401,
      6.335694999999999,
      5.879852,
      5.449794,
      6.58442
    ]
  },
  "resource_usage": [
    {
      "timestamp_ms": 1746086218174,
      "cpu_usage_percent": 0.64935064,
      "memory_bytes": 4501377024
    },
    {
      "timestamp_ms": 1746086218395,
      "cpu_usage_percent": 0.6465517,
      "memory_bytes": 4501377024
    },
    {
      "timestamp_ms": 1746086218607,
      "cpu_usage_percent": 4.9411764,
      "memory_bytes": 4501377024
    },
    {
      "timestamp_ms": 1746086218814,
      "cpu_usage_percent": 1.445783,
      "memory_bytes": 4501377024
    }
  ]
}