{
  "query_file": "/home/eden/GraduationProject/ember-sgm/resources/plan/ldbc-bi-1.json",
  "storage_type": "neo4j",
  "cache_size": 512,
  "num_runs": 10,
  "num_warmup": 1,
  "timing": {
    "min_ms": 16.761961,
    "max_ms": 19.866529,
    "avg_ms": 17.961936124999998,
    "all_runs_ms": [
      17.010534,
      16.761961,
      18.32619,
      17.201259,
      17.08473,
      15.836673999999999,
      18.318334,
      19.866529,
      19.125952,
      20.313385999999998
    ]
  }
}