{
  "query_file": "/home/eden/GraduationProject/ember-sgm/resources/plan/ldbc-bi-15.json",
  "storage_type": "neo4j",
  "cache_size": 512,
  "num_runs": 10,
  "num_warmup": 1,
  "timing": {
    "min_ms": 25.77864,
    "max_ms": 30.185291,
    "avg_ms": 27.611440499999997,
    "all_runs_ms": [
      29.292148,
      30.185291,
      27.651329999999998,
      25.725173,
      26.438215,
      27.717073,
      26.565717,
      30.756005,
      27.26311,
      25.77864
    ]
  },
  "resource_usage": [
    {
      "timestamp_ms": 1746086220129,
      "cpu_usage_percent": 12.328768,
      "memory_bytes": 4501377024
    },
    {
      "timestamp_ms": 1746086220342,
      "cpu_usage_percent": 18.139536,
      "memory_bytes": 4501377024
    },
    {
      "timestamp_ms": 1746086220548,
      "cpu_usage_percent": 5.4320984,
      "memory_bytes": 4501377024
    }
  ]
}