{
  "query_file": "/home/eden/GraduationProject/ember-sgm/resources/plan/ldbc-bi-13.json",
  "storage_type": "neo4j",
  "cache_size": 512,
  "num_runs": 10,
  "num_warmup": 1,
  "timing": {
    "min_ms": 15.496665,
    "max_ms": 21.803666999999997,
    "avg_ms": 17.852729375000003,
    "all_runs_ms": [
      22.879662,
      21.803666999999997,
      16.53236,
      17.333616,
      14.309461,
      15.496665,
      18.048898,
      19.140135,
      18.199195000000003,
      16.267298999999998
    ]
  },
  "resource_usage": [
    {
      "timestamp_ms": 1746083184766,
      "cpu_usage_percent": 1.2474014,
      "memory_bytes": 4498067456
    },
    {
      "timestamp_ms": 1746083184978,
      "cpu_usage_percent": 1.6548464,
      "memory_bytes": 4498067456
    },
    {
      "timestamp_ms": 1746083185188,
      "cpu_usage_percent": 5.011933,
      "memory_bytes": 4498067456
    },
    {
      "timestamp_ms": 1746083185394,
      "cpu_usage_percent": 17.005075,
      "memory_bytes": 4498067456
    }
  ]
}