{
  "query_file": "/home/eden/GraduationProject/ember-sgm/resources/plan/ldbc-bi-1.json",
  "storage_type": "neo4j",
  "cache_size": 512,
  "num_runs": 10,
  "num_warmup": 1,
  "timing": {
    "min_ms": 0.7798879999999999,
    "max_ms": 2.111103,
    "avg_ms": 1.552869625,
    "all_runs_ms": [
      0.6861839999999999,
      0.7798879999999999,
      1.031178,
      1.2039799999999998,
      1.478086,
      1.713006,
      2.200236,
      2.050648,
      2.0550680000000003,
      2.111103
    ]
  },
  "resource_usage": []
}