{
  "query_file": "/home/eden/GraduationProject/ember-sgm/resources/plan/ldbc-bi-16.json",
  "storage_type": "neo4j",
  "cache_size": 512,
  "num_runs": 10,
  "num_warmup": 1,
  "timing": {
    "min_ms": 12.202121,
    "max_ms": 17.685327,
    "avg_ms": 14.654680499999998,
    "all_runs_ms": [
      18.401315,
      15.297997,
      17.685327,
      14.947175999999999,
      13.952831,
      12.202121,
      14.180386,
      13.440956,
      12.044728,
      15.53065
    ]
  },
  "resource_usage": [
    {
      "timestamp_ms": 1746086220780,
      "cpu_usage_percent": 19.221968,
      "memory_bytes": 4501389312
    },
    {
      "timestamp_ms": 1746086220985,
      "cpu_usage_percent": 2.8503566,
      "memory_bytes": 4501389312
    }
  ]
}