{
  "query_file": "/home/eden/GraduationProject/ember-sgm/resources/plan/ldbc-bi-14.json",
  "storage_type": "neo4j",
  "cache_size": 512,
  "num_runs": 10,
  "num_warmup": 1,
  "timing": {
    "min_ms": 1143.6306730000001,
    "max_ms": 1255.166401,
    "avg_ms": 1203.173749,
    "all_runs_ms": [
      1230.909,
      1355.3741750000002,
      1203.2810650000001,
      1255.166401,
      1173.702411,
      1231.538438,
      1223.344369,
      1163.817635,
      1143.6306730000001,
      1142.443923
    ]
  }
}