{
  "query_file": "/home/eden/GraduationProject/ember-sgm/resources/plan/ldbc-bi-15.json",
  "storage_type": "neo4j",
  "cache_size": 512,
  "num_runs": 10,
  "num_warmup": 1,
  "timing": {
    "min_ms": 26.723226,
    "max_ms": 30.771217,
    "avg_ms": 28.5927015,
    "all_runs_ms": [
      26.723226,
      26.392811,
      30.771217,
      33.068782999999996,
      29.82444,
      28.677285,
      29.314326,
      27.061014,
      27.595316,
      28.774787999999997
    ]
  },
  "resource_usage": [
    {
      "timestamp_ms": 1746101001234,
      "cpu_usage_percent": 5.9027777,
      "memory_bytes": 11932852224
    },
    {
      "timestamp_ms": 1746101001453,
      "cpu_usage_percent": 13.211845,
      "memory_bytes": 11932852224
    },
    {
      "timestamp_ms": 1746101001667,
      "cpu_usage_percent": 12.354312,
      "memory_bytes": 11932852224
    }
  ]
}