{
  "query_file": "/home/eden/GraduationProject/ember-sgm/resources/plan/ldbc-bi-13.json",
  "storage_type": "neo4j",
  "cache_size": 512,
  "num_runs": 10,
  "num_warmup": 1,
  "timing": {
    "min_ms": 13.975228,
    "max_ms": 16.197488999999997,
    "avg_ms": 15.144952624999998,
    "all_runs_ms": [
      16.715862,
      13.975228,
      14.548047,
      13.342672,
      14.468328000000001,
      14.970386000000001,
      16.081224000000002,
      16.197488999999997,
      15.0752,
      15.843718999999998
    ]
  },
  "resource_usage": [
    {
      "timestamp_ms": 1746101000021,
      "cpu_usage_percent": 6.8759336,
      "memory_bytes": 11932852224
    },
    {
      "timestamp_ms": 1746101000234,
      "cpu_usage_percent": 6.2200956,
      "memory_bytes": 11932852224
    }
  ]
}