{
  "query_file": "/home/eden/GraduationProject/ember-sgm/resources/plan/neo4j_ordered/ldbc-bi-11.json",
  "storage_type": "sqlite",
  "cache_size": 512,
  "num_runs": 10,
  "num_warmup": 1,
  "timing": {
    "min_ms": 112.216343,
    "max_ms": 128.11099000000002,
    "avg_ms": 120.710023625,
    "all_runs_ms": [
      120.668269,
      128.11099000000002,
      125.363102,
      118.98470599999999,
      126.316716,
      110.888282,
      115.584356,
      118.43570700000001,
      142.17270200000002,
      112.216343
    ]
  }
}