{
  "query_file": "/home/eden/GraduationProject/ember-sgm/resources/plan/ldbc-bi-13.json",
  "storage_type": "neo4j",
  "cache_size": 512,
  "num_runs": 10,
  "num_warmup": 1,
  "timing": {
    "min_ms": 14.825237999999999,
    "max_ms": 18.058688999999998,
    "avg_ms": 15.846519625,
    "all_runs_ms": [
      15.743279,
      14.825237999999999,
      15.738080000000002,
      15.904311000000002,
      14.669092,
      15.549472999999999,
      16.007217,
      14.94587,
      19.709997,
      18.058688999999998
    ]
  },
  "resource_usage": [
    {
      "timestamp_ms": 1746096724228,
      "cpu_usage_percent": 1.978022,
      "memory_bytes": 7310229504
    },
    {
      "timestamp_ms": 1746096724438,
      "cpu_usage_percent": 17.67442,
      "memory_bytes": 7310229504
    }
  ]
}