{
  "query_file": "/home/eden/GraduationProject/ember-sgm/resources/plan/ldbc-bi-18.json",
  "storage_type": "neo4j",
  "cache_size": 512,
  "num_runs": 10,
  "num_warmup": 1,
  "timing": {
    "min_ms": 6.586645000000001,
    "max_ms": 8.332966,
    "avg_ms": 7.407312125000001,
    "all_runs_ms": [
      7.412008,
      6.5075899999999995,
      6.586645000000001,
      6.967592,
      7.566809,
      8.332966,
      7.120082,
      7.0529,
      8.219495,
      8.627849
    ]
  },
  "resource_usage": [
    {
      "timestamp_ms": 1746083190624,
      "cpu_usage_percent": 5.482456,
      "memory_bytes": 4498104320
    },
    {
      "timestamp_ms": 1746083190831,
      "cpu_usage_percent": 2.1634617,
      "memory_bytes": 4498104320
    }
  ]
}