{
  "query_file": "/home/eden/GraduationProject/ember-sgm/resources/plan/ldbc-bi-12.json",
  "storage_type": "neo4j",
  "cache_size": 512,
  "num_runs": 10,
  "num_warmup": 1,
  "timing": {
    "min_ms": 27.807233,
    "max_ms": 36.466657,
    "avg_ms": 31.53683975,
    "all_runs_ms": [
      27.807233,
      29.166622,
      29.167550000000002,
      34.448161999999996,
      27.742905,
      33.922688,
      30.778052,
      30.537754,
      36.466657,
      42.67044
    ]
  }
}