{
  "query_file": "/home/eden/GraduationProject/ember-sgm/resources/plan/ldbc-bi-18.json",
  "storage_type": "neo4j",
  "cache_size": 512,
  "num_runs": 10,
  "num_warmup": 1,
  "timing": {
    "min_ms": 144.361204,
    "max_ms": 163.30698199999998,
    "avg_ms": 151.60887525,
    "all_runs_ms": [
      144.361204,
      144.661642,
      141.738248,
      144.74278199999998,
      151.981178,
      164.84084199999998,
      158.530476,
      163.30698199999998,
      153.681766,
      151.604972
    ]
  }
}