{
  "query_file": "/home/eden/GraduationProject/ember-sgm/resources/plan/ldbc-bi-12.json",
  "storage_type": "neo4j",
  "cache_size": 512,
  "num_runs": 10,
  "num_warmup": 1,
  "timing": {
    "min_ms": 3.195789,
    "max_ms": 4.068345,
    "avg_ms": 3.580958,
    "all_runs_ms": [
      4.068345,
      3.740488,
      3.753115,
      3.452007,
      2.997639,
      3.361055,
      4.279941,
      3.6266,
      3.450265,
      3.195789
    ]
  },
  "resource_usage": [
    {
      "timestamp_ms": 1746096723991,
      "cpu_usage_percent": 3.1189084,
      "memory_bytes": 7308005376
    }
  ]
}