{
  "query_file": "/home/eden/GraduationProject/ember-sgm/resources/plan/ldbc-bi-12.json",
  "storage_type": "neo4j",
  "cache_size": 512,
  "num_runs": 10,
  "num_warmup": 1,
  "timing": {
    "min_ms": 4.953812,
    "max_ms": 6.649908000000001,
    "avg_ms": 5.757324875000001,
    "all_runs_ms": [
      6.044582,
      6.495876,
      7.170918,
      5.331812,
      4.597738,
      6.649908000000001,
      5.383262,
      5.921797000000001,
      4.953812,
      5.27755
    ]
  },
  "resource_usage": [
    {
      "timestamp_ms": 1746083184104,
      "cpu_usage_percent": 1.0245903,
      "memory_bytes": 4498042880
    },
    {
      "timestamp_ms": 1746083184316,
      "cpu_usage_percent": 3.9260972,
      "memory_bytes": 4498042880
    },
    {
      "timestamp_ms": 1746083184523,
      "cpu_usage_percent": 2.1479712,
      "memory_bytes": 4498042880
    }
  ]
}