{
  "query_file": "/home/eden/GraduationProject/ember-sgm/resources/plan/neo4j_ordered/ldbc-bi-11.json",
  "storage_type": "sqlite",
  "cache_size": 512,
  "num_runs": 10,
  "num_warmup": 1,
  "timing": {
    "min_ms": 38.889945000000004,
    "max_ms": 42.030928,
    "avg_ms": 40.02135925,
    "all_runs_ms": [
      38.018763,
      38.889945000000004,
      42.530398,
      42.030928,
      39.808521,
      40.806116,
      39.446884000000004,
      39.491314,
      40.084578,
      39.612587999999995
    ]
  },
  "resource_usage": [
    {
      "timestamp_ms": 1746096723305,
      "cpu_usage_percent": 17.586912,
      "memory_bytes": 7640870912
    },
    {
      "timestamp_ms": 1746096723514,
      "cpu_usage_percent": 21.01266,
      "memory_bytes": 7640870912
    },
    {
      "timestamp_ms": 1746096723722,
      "cpu_usage_percent": 5.811138,
      "memory_bytes": 7319265280
    }
  ]
}