{
  "query_file": "/home/eden/GraduationProject/ember-sgm/resources/plan/ldbc-bi-15.json",
  "storage_type": "neo4j",
  "cache_size": 512,
  "num_runs": 10,
  "num_warmup": 1,
  "timing": {
    "min_ms": 161.941998,
    "max_ms": 298.70818199999997,
    "avg_ms": 199.12614250000001,
    "all_runs_ms": [
      311.962761,
      298.70818199999997,
      197.158981,
      174.734303,
      172.559276,
      172.539981,
      188.629324,
      154.367987,
      161.941998,
      226.737095
    ]
  }
}