{
  "query_file": "/home/eden/GraduationProject/ember-sgm/resources/plan/ldbc-bi-2.json",
  "storage_type": "neo4j",
  "cache_size": 512,
  "num_runs": 10,
  "num_warmup": 1,
  "timing": {
    "min_ms": 62.23666,
    "max_ms": 74.08452899999999,
    "avg_ms": 66.9949445,
    "all_runs_ms": [
      60.557158,
      62.23666,
      70.124894,
      76.058556,
      69.412932,
      65.648879,
      65.447572,
      62.81264,
      74.08452899999999,
      66.19145
    ]
  }
}