{
  "query_file": "/home/eden/GraduationProject/ember-sgm/resources/plan/ldbc-bi-2.json",
  "storage_type": "neo4j",
  "cache_size": 512,
  "num_runs": 10,
  "num_warmup": 1,
  "timing": {
    "min_ms": 7.073366999999999,
    "max_ms": 8.266973,
    "avg_ms": 7.52910875,
    "all_runs_ms": [
      10.067231,
      7.3303270000000005,
      7.669898,
      7.438362,
      7.525228,
      7.073366999999999,
      7.273121,
      6.6009199999999995,
      7.655594,
      8.266973
    ]
  },
  "resource_usage": [
    {
      "timestamp_ms": 1746086191070,
      "cpu_usage_percent": 0.0,
      "memory_bytes": 2920673280
    },
    {
      "timestamp_ms": 1746086191277,
      "cpu_usage_percent": 0.9638554,
      "memory_bytes": 2928623616
    },
    {
      "timestamp_ms": 1746086191483,
      "cpu_usage_percent": 2.912621,
      "memory_bytes": 2930601984
    }
  ]
}