{
  "query_file": "/home/eden/GraduationProject/ember-sgm/resources/plan/ldbc-bi-20.json",
  "storage_type": "neo4j",
  "cache_size": 512,
  "num_runs": 10,
  "num_warmup": 1,
  "timing": {
    "min_ms": 6.748449999999999,
    "max_ms": 7.731072999999999,
    "avg_ms": 7.259244874999999,
    "all_runs_ms": [
      8.289977,
      7.372508,
      7.561668,
      7.176863,
      7.171711,
      7.731072999999999,
      7.371201,
      6.940485,
      6.748449999999999,
      6.649376
    ]
  },
  "resource_usage": [
    {
      "timestamp_ms": 1746083191713,
      "cpu_usage_percent": 1.066098,
      "memory_bytes": 4498104320
    },
    {
      "timestamp_ms": 1746083191919,
      "cpu_usage_percent": 2.6699028,
      "memory_bytes": 4498104320
    }
  ]
}