{
  "query_file": "/home/eden/GraduationProject/ember-sgm/resources/plan/ldbc-bi-20.json",
  "storage_type": "neo4j",
  "cache_size": 512,
  "num_runs": 10,
  "num_warmup": 1,
  "timing": {
    "min_ms": 40.43107,
    "max_ms": 47.223965,
    "avg_ms": 43.676903875,
    "all_runs_ms": [
      46.110043000000005,
      40.801230000000004,
      40.43107,
      44.132086,
      45.200432,
      47.223965,
      40.884378999999996,
      36.902224,
      44.632025999999996,
      50.364904
    ]
  }
}