{
  "query_file": "/home/eden/GraduationProject/ember-sgm/resources/plan/ldbc-bi-2.json",
  "storage_type": "neo4j",
  "cache_size": 512,
  "num_runs": 10,
  "num_warmup": 1,
  "timing": {
    "min_ms": 7.124409,
    "max_ms": 8.190066,
    "avg_ms": 7.616436125000001,
    "all_runs_ms": [
      11.500849,
      7.68387,
      7.7856760000000005,
      7.691476,
      7.016293,
      8.190066,
      7.681165,
      7.124409,
      7.3372150000000005,
      7.437612
    ]
  },
  "resource_usage": [
    {
      "timestamp_ms": 1746096703990,
      "cpu_usage_percent": 2.8508773,
      "memory_bytes": 2930241536
    }
  ]
}