{
  "query_file": "/home/eden/GraduationProject/ember-sgm/resources/plan/ldbc-bi-20.json",
  "storage_type": "neo4j",
  "cache_size": 512,
  "num_runs": 10,
  "num_warmup": 1,
  "timing": {
    "min_ms": 6.568654,
    "max_ms": 7.015781,
    "avg_ms": 6.766292375,
    "all_runs_ms": [
      7.015781,
      6.254446000000001,
      6.883439,
      6.917421,
      6.632728,
      6.568654,
      6.850429,
      7.0681449999999995,
      6.623658,
      6.638229
    ]
  },
  "resource_usage": [
    {
      "timestamp_ms": 1746101004324,
      "cpu_usage_percent": 2.8301885,
      "memory_bytes": 11932852224
    }
  ]
}