{
  "query_file": "/home/eden/GraduationProject/ember-sgm/resources/plan/ldbc-bi-20.json",
  "storage_type": "neo4j",
  "cache_size": 512,
  "num_runs": 10,
  "num_warmup": 1,
  "timing": {
    "min_ms": 5.798004,
    "max_ms": 6.65873,
    "avg_ms": 6.055743,
    "all_runs_ms": [
      6.880908,
      6.65873,
      6.296857999999999,
      5.892587000000001,
      5.798004,
      6.099837,
      5.834052,
      5.571038000000001,
      6.007223,
      5.858653
    ]
  },
  "resource_usage": [
    {
      "timestamp_ms": 1746096728662,
      "cpu_usage_percent": 2.5974026,
      "memory_bytes": 7310229504
    }
  ]
}