{
  "query_file": "/home/eden/GraduationProject/ember-sgm/resources/plan/ldbc-bi-20.json",
  "storage_type": "neo4j",
  "cache_size": 512,
  "num_runs": 10,
  "num_warmup": 1,
  "timing": {
    "min_ms": 6.550257,
    "max_ms": 8.335901999999999,
    "avg_ms": 7.701576875,
    "all_runs_ms": [
      8.335901999999999,
      6.3582860000000005,
      6.550257,
      7.092631,
      7.3724810000000005,
      8.093812,
      9.018687,
      8.072265,
      8.105167,
      7.9901
    ]
  },
  "resource_usage": [
    {
      "timestamp_ms": 1746086223614,
      "cpu_usage_percent": 3.275109,
      "memory_bytes": 4501389312
    },
    {
      "timestamp_ms": 1746086223821,
      "cpu_usage_percent": 0.0,
      "memory_bytes": 4501389312
    }
  ]
}