{
  "query_file": "/home/eden/GraduationProject/ember-sgm/resources/plan/ldbc-bi-2.json",
  "storage_type": "neo4j",
  "cache_size": 512,
  "num_runs": 10,
  "num_warmup": 1,
  "timing": {
    "min_ms": 6.810204000000001,
    "max_ms": 8.656891,
    "avg_ms": 7.3751813749999995,
    "all_runs_ms": [
      13.720809000000001,
      8.656891,
      7.514106000000001,
      7.387858,
      7.462508,
      6.810204000000001,
      6.66257,
      7.0567720000000005,
      7.169970999999999,
      6.943141
    ]
  },
  "resource_usage": [
    {
      "timestamp_ms": 1746100985582,
      "cpu_usage_percent": 3.2894738,
      "memory_bytes": 2929614848
    }
  ]
}