{
  "query_file": "/home/eden/GraduationProject/ember-sgm/resources/plan/ldbc-bi-2.json",
  "storage_type": "neo4j",
  "cache_size": 512,
  "num_runs": 10,
  "num_warmup": 1,
  "timing": {
    "min_ms": 167.272381,
    "max_ms": 198.206568,
    "avg_ms": 173.669816,
    "all_runs_ms": [
      170.069728,
      167.959449,
      216.815807,
      167.272381,
      169.603228,
      164.22725899999998,
      169.612322,
      198.206568,
      171.110031,
      175.524821
    ]
  }
}