{
  "query_file": "/home/eden/GraduationProject/ember-sgm/resources/plan/ldbc-bi-20.json",
  "storage_type": "neo4j",
  "cache_size": 512,
  "num_runs": 10,
  "num_warmup": 1,
  "timing": {
    "min_ms": 138.329698,
    "max_ms": 165.663011,
    "avg_ms": 144.29290425000002,
    "all_runs_ms": [
      134.939861,
      143.846677,
      138.329698,
      146.10805599999998,
      142.18687599999998,
      166.711455,
      138.363188,
      139.077776,
      140.767952,
      165.663011
    ]
  }
}