{
  "query_file": "/home/eden/GraduationProject/ember-sgm/resources/plan/neo4j_ordered/ldbc-bi-3.json",
  "storage_type": "sqlite",
  "cache_size": 512,
  "num_runs": 10,
  "num_warmup": 1,
  "timing": {
    "min_ms": 40.292514000000004,
    "max_ms": 42.463598,
    "avg_ms": 41.32666625,
    "all_runs_ms": [
      38.902814,
      41.555259,
      42.463598,
      41.181765,
      40.964815,
      40.292514000000004,
      40.413655,
      41.82852,
      41.913204,
      49.807008
    ]
  },
  "resource_usage": [
    {
      "timestamp_ms": 1746100985816,
      "cpu_usage_percent": 13.258428,
      "memory_bytes": 6978752512
    },
    {
      "timestamp_ms": 1746100986025,
      "cpu_usage_percent": 13.414635,
      "memory_bytes": 6978752512
    },
    {
      "timestamp_ms": 1746100986234,
      "cpu_usage_percent": 12.471132,
      "memory_bytes": 6978752512
    },
    {
      "timestamp_ms": 1746100986441,
      "cpu_usage_percent": 7.4162683,
      "memory_bytes": 6947356672
    }
  ]
}