{
  "query_file": "/home/eden/GraduationProject/ember-sgm/resources/plan/neo4j_ordered/ldbc-bi-3.json",
  "storage_type": "sqlite",
  "cache_size": 512,
  "num_runs": 10,
  "num_warmup": 1,
  "timing": {
    "min_ms": 488.515886,
    "max_ms": 667.972491,
    "avg_ms": 598.2442134999999,
    "all_runs_ms": [
      540.323752,
      667.972491,
      670.440738,
      586.566184,
      632.221389,
      446.968289,
      623.495256,
      652.098327,
      488.515886,
      594.760423
    ]
  }
}