{
  "query_file": "/home/eden/GraduationProject/ember-sgm/resources/plan/ldbc-bi-4.json",
  "storage_type": "neo4j",
  "cache_size": 512,
  "num_runs": 10,
  "num_warmup": 1,
  "timing": {
    "min_ms": 48.956844,
    "max_ms": 60.932665,
    "avg_ms": 55.578719875,
    "all_runs_ms": [
      55.376871,
      57.23571999999999,
      55.62102,
      54.352518,
      60.932665,
      47.861209,
      48.956844,
      52.44655899999999,
      59.707561999999996,
      65.331237
    ]
  }
}