{
  "query_file": "/home/eden/GraduationProject/ember-sgm/resources/plan/ldbc-bi-4.json",
  "storage_type": "neo4j",
  "cache_size": 512,
  "num_runs": 10,
  "num_warmup": 1,
  "timing": {
    "min_ms": 8.63312,
    "max_ms": 12.734157,
    "avg_ms": 11.098810999999998,
    "all_runs_ms": [
      20.182479,
      12.734157,
      10.974529,
      12.571276,
      11.826888,
      11.46462,
      10.339212999999999,
      10.246685,
      8.63312,
      8.168301
    ]
  },
  "resource_usage": [
    {
      "timestamp_ms": 1746100986684,
      "cpu_usage_percent": 7.6923075,
      "memory_bytes": 6947356672
    },
    {
      "timestamp_ms": 1746100986894,
      "cpu_usage_percent": 6.8965516,
      "memory_bytes": 6947356672
    }
  ]
}