{
  "query_file": "/home/eden/GraduationProject/ember-sgm/resources/plan/ldbc-bi-4.json",
  "storage_type": "neo4j",
  "cache_size": 512,
  "num_runs": 10,
  "num_warmup": 1,
  "timing": {
    "min_ms": 400.17839599999996,
    "max_ms": 512.842096,
    "avg_ms": 463.997827875,
    "all_runs_ms": [
      512.842096,
      488.4011,
      489.305501,
      527.1488039999999,
      400.17839599999996,
      425.52747800000003,
      443.58904,
      439.414244,
      398.68671500000005,
      512.724768
    ]
  }
}