{
  "query_file": "/home/eden/GraduationProject/ember-sgm/resources/plan/ldbc-bi-4.json",
  "storage_type": "neo4j",
  "cache_size": 512,
  "num_runs": 10,
  "num_warmup": 1,
  "timing": {
    "min_ms": 7.760546,
    "max_ms": 10.363557,
    "avg_ms": 9.254187125000001,
    "all_runs_ms": [
      10.874517,
      9.651625000000001,
      7.760546,
      10.363557,
      7.5078949999999995,
      8.436187,
      10.148279,
      9.778508,
      8.274452,
      9.620343
    ]
  },
  "resource_usage": [
    {
      "timestamp_ms": 1746096705306,
      "cpu_usage_percent": 8.917197,
      "memory_bytes": 6606233600
    },
    {
      "timestamp_ms": 1746096705514,
      "cpu_usage_percent": 4.33735,
      "memory_bytes": 6606233600
    }
  ]
}