{
  "query_file": "/home/eden/GraduationProject/ember-sgm/resources/plan/ldbc-bi-5.json",
  "storage_type": "neo4j",
  "cache_size": 512,
  "num_runs": 10,
  "num_warmup": 1,
  "timing": {
    "min_ms": 1864.363996,
    "max_ms": 2180.734304,
    "avg_ms": 2002.6658795,
    "all_runs_ms": [
      2172.808164,
      2180.734304,
      2315.918306,
      2067.634351,
      1977.035463,
      2007.4550109999998,
      1884.174168,
      1848.563398,
      1867.1215789999999,
      1864.363996
    ]
  }
}