{
  "query_file": "/home/eden/GraduationProject/ember-sgm/resources/plan/neo4j_ordered/ldbc-bi-5.json",
  "storage_type": "sqlite",
  "cache_size": 512,
  "num_runs": 10,
  "num_warmup": 1,
  "timing": {
    "min_ms": 428.098652,
    "max_ms": 459.199906,
    "avg_ms": 440.63919712499995,
    "all_runs_ms": [
      429.463229,
      459.199906,
      445.200372,
      428.098652,
      427.16275399999995,
      443.18159099999997,
      449.21053900000004,
      429.082076,
      441.677212,
      481.057258
    ]
  }
}