{
  "query_file": "/home/eden/GraduationProject/ember-sgm/resources/plan/neo4j_ordered/ldbc-bi-5.json",
  "storage_type": "sqlite",
  "cache_size": 512,
  "num_runs": 10,
  "num_warmup": 1,
  "timing": {
    "min_ms": 44.353059,
    "max_ms": 50.815583999999994,
    "avg_ms": 47.951370875,
    "all_runs_ms": [
      60.296763000000006,
      49.463333999999996,
      45.813311000000006,
      49.903408000000006,
      44.353059,
      47.12191,
      42.720373,
      48.573363,
      47.566998,
      50.815583999999994
    ]
  },
  "resource_usage": [
    {
      "timestamp_ms": 1746100987151,
      "cpu_usage_percent": 16.666666,
      "memory_bytes": 11498262528
    },
    {
      "timestamp_ms": 1746100987363,
      "cpu_usage_percent": 17.51152,
      "memory_bytes": 11499765760
    },
    {
      "timestamp_ms": 1746100987575,
      "cpu_usage_percent": 23.48837,
      "memory_bytes": 11500036096
    },
    {
      "timestamp_ms": 1746100987786,
      "cpu_usage_percent": 11.538462,
      "memory_bytes": 11468640256
    }
  ]
}