{
  "query_file": "/home/eden/GraduationProject/ember-sgm/resources/plan/neo4j_ordered/ldbc-bi-7.json",
  "storage_type": "sqlite",
  "cache_size": 512,
  "num_runs": 10,
  "num_warmup": 1,
  "timing": {
    "min_ms": 1232.97167,
    "max_ms": 1352.829003,
    "avg_ms": 1283.4152181250001,
    "all_runs_ms": [
      1335.104909,
      1296.738128,
      1261.516002,
      1188.1974369999998,
      1261.04112,
      1232.97167,
      1394.370847,
      1245.5087279999998,
      1352.829003,
      1281.612185
    ]
  }
}