{
  "query_file": "/home/eden/GraduationProject/ember-sgm/resources/plan/ldbc-bi-8.json",
  "storage_type": "neo4j",
  "cache_size": 512,
  "num_runs": 10,
  "num_warmup": 1,
  "timing": {
    "min_ms": 14.088039,
    "max_ms": 17.873580999999998,
    "avg_ms": 16.164593375,
    "all_runs_ms": [
      20.250909,
      17.873580999999998,
      13.595407,
      16.717241,
      16.61406,
      14.570143,
      16.368002,
      16.319788,
      14.088039,
      16.765893000000002
    ]
  },
  "resource_usage": [
    {
      "timestamp_ms": 1746086210685,
      "cpu_usage_percent": 0.43103448,
      "memory_bytes": 4335951872
    },
    {
      "timestamp_ms": 1746086210908,
      "cpu_usage_percent": 4.534606,
      "memory_bytes": 4336087040
    },
    {
      "timestamp_ms": 1746086211118,
      "cpu_usage_percent": 19.047619,
      "memory_bytes": 4336087040
    },
    {
      "timestamp_ms": 1746086211325,
      "cpu_usage_percent": 0.23752971,
      "memory_bytes": 4336087040
    }
  ]
}