{
  "query_file": "/home/eden/GraduationProject/ember-sgm/resources/plan/ldbc-bi-8.json",
  "storage_type": "neo4j",
  "cache_size": 512,
  "num_runs": 10,
  "num_warmup": 1,
  "timing": {
    "min_ms": 10.922198,
    "max_ms": 14.006691,
    "avg_ms": 12.640576000000001,
    "all_runs_ms": [
      14.138233999999999,
      14.006691,
      11.750200000000001,
      11.161229,
      13.723025999999999,
      10.881371000000001,
      13.600058,
      13.878821,
      10.922198,
      12.082384999999999
    ]
  },
  "resource_usage": [
    {
      "timestamp_ms": 1746100995536,
      "cpu_usage_percent": 12.151394,
      "memory_bytes": 11923984384
    },
    {
      "timestamp_ms": 1746100995746,
      "cpu_usage_percent": 4.265403,
      "memory_bytes": 11923984384
    }
  ]
}