{
  "query_file": "/home/eden/GraduationProject/ember-sgm/resources/plan/ldbc-bi-8.json",
  "storage_type": "neo4j",
  "cache_size": 512,
  "num_runs": 10,
  "num_warmup": 1,
  "timing": {
    "min_ms": 583.915452,
    "max_ms": 632.85096,
    "avg_ms": 602.5203226250001,
    "all_runs_ms": [
      594.275164,
      611.193401,
      586.189846,
      597.876812,
      583.915452,
      580.118481,
      632.85096,
      614.119623,
      599.7413230000001,
      641.45844
    ]
  }
}