{
  "query_file": "/home/eden/GraduationProject/ember-sgm/resources/plan/ldbc-bi-8.json",
  "storage_type": "neo4j",
  "cache_size": 512,
  "num_runs": 10,
  "num_warmup": 1,
  "timing": {
    "min_ms": 11.523330999999999,
    "max_ms": 14.895577,
    "avg_ms": 12.2560485,
    "all_runs_ms": [
      15.455551999999999,
      14.895577,
      11.011175999999999,
      11.584736,
      11.807975,
      11.546551000000001,
      11.567993,
      11.523330999999999,
      12.490173,
      12.632052
    ]
  },
  "resource_usage": [
    {
      "timestamp_ms": 1746096717731,
      "cpu_usage_percent": 6.9414315,
      "memory_bytes": 7286980608
    },
    {
      "timestamp_ms": 1746096717938,
      "cpu_usage_percent": 12.354312,
      "memory_bytes": 7286980608
    }
  ]
}