{
  "query_file": "/home/eden/GraduationProject/ember-sgm/resources/plan/ldbc-bi-9.json",
  "storage_type": "neo4j",
  "cache_size": 512,
  "num_runs": 10,
  "num_warmup": 1,
  "timing": {
    "min_ms": 1.4958960000000001,
    "max_ms": 1.675894,
    "avg_ms": 1.592769,
    "all_runs_ms": [
      1.675894,
      1.830057,
      1.65152,
      1.4958960000000001,
      1.5803429999999998,
      1.5594540000000001,
      1.542487,
      1.576549,
      1.660009,
      1.453188
    ]
  },
  "resource_usage": [
    {
      "timestamp_ms": 1746100996004,
      "cpu_usage_percent": 0.9900991,
      "memory_bytes": 11923984384
    }
  ]
}