{
  "query_file": "/home/eden/GraduationProject/ember-sgm/resources/plan/ldbc-bi-9.json",
  "storage_type": "neo4j",
  "cache_size": 512,
  "num_runs": 10,
  "num_warmup": 1,
  "timing": {
    "min_ms": 2.422759,
    "max_ms": 2.74933,
    "avg_ms": 2.5339085,
    "all_runs_ms": [
      2.422759,
      2.42769,
      2.439812,
      2.6657170000000003,
      2.74933,
      2.495859,
      3.3005180000000003,
      2.4864539999999997,
      1.994371,
      2.583647
    ]
  },
  "resource_usage": [
    {
      "timestamp_ms": 1746083177066,
      "cpu_usage_percent": 1.0799136,
      "memory_bytes": 4209618944
    },
    {
      "timestamp_ms": 1746083177272,
      "cpu_usage_percent": 0.48543686,
      "memory_bytes": 4209618944
    }
  ]
}