{
  "query_file": "/home/eden/GraduationProject/ember-sgm/resources/plan/ldbc-bi-9.json",
  "storage_type": "neo4j",
  "cache_size": 512,
  "num_runs": 10,
  "num_warmup": 1,
  "timing": {
    "min_ms": 13.649546,
    "max_ms": 16.684106,
    "avg_ms": 15.416033500000001,
    "all_runs_ms": [
      15.938082,
      16.684106,
      16.183238,
      13.649546,
      12.700324,
      14.907197,
      17.806079999999998,
      15.01758,
      14.289938000000001,
      16.658580999999998
    ]
  }
}