{
  "query_file": "/home/eden/GraduationProject/ember-sgm/resources/plan/ldbc-bi-9.json",
  "storage_type": "neo4j",
  "cache_size": 512,
  "num_runs": 10,
  "num_warmup": 1,
  "timing": {
    "min_ms": 1.797493,
    "max_ms": 2.0971,
    "avg_ms": 1.9817180000000003,
    "all_runs_ms": [
      2.623553,
      2.090812,
      2.0971,
      1.797493,
      2.061127,
      1.732888,
      1.931496,
      1.946265,
      1.967094,
      1.9623570000000001
    ]
  },
  "resource_usage": [
    {
      "timestamp_ms": 1746086211555,
      "cpu_usage_percent": 1.1037529,
      "memory_bytes": 4336087040
    }
  ]
}