{
  "query_file": "/home/eden/GraduationProject/ember-sgm/resources/plan/ldbc-bi-9.json",
  "storage_type": "neo4j",
  "cache_size": 512,
  "num_runs": 10,
  "num_warmup": 1,
  "timing": {
    "min_ms": 85.823713,
    "max_ms": 103.754621,
    "avg_ms": 94.33851975,
    "all_runs_ms": [
      89.734365,
      97.957982,
      101.230996,
      103.81317700000001,
      98.148498,
      103.754621,
      85.823713,
      88.60836599999999,
      82.090848,
      89.44961699999999
    ]
  }
}