{
  "query_file": "/home/eden/GraduationProject/ember-sgm/resources/plan/ldbc-bi-9.json",
  "storage_type": "neo4j",
  "cache_size": 512,
  "num_runs": 10,
  "num_warmup": 1,
  "timing": {
    "min_ms": 1.392653,
    "max_ms": 1.7315010000000002,
    "avg_ms": 1.568014375,
    "all_runs_ms": [
      1.7345,
      1.7315010000000002,
      1.4419019999999998,
      1.392653,
      1.3632250000000001,
      1.579015,
      1.603068,
      1.628824,
      1.6578899999999999,
      1.5092619999999999
    ]
  },
  "resource_usage": [
    {
      "timestamp_ms": 1746096718174,
      "cpu_usage_percent": 0.6423983,
      "memory_bytes": 7286980608
    }
  ]
}