{
  "query_file": "/home/eden/GraduationProject/ember-sgm/resources/plan/unoptimized/ldbc-bi-12.json",
  "storage_type": "sqlite",
  "cache_size": 512,
  "num_runs": 10,
  "num_warmup": 1,
  "timing": {
    "min_ms": 19.608781,
    "max_ms": 24.637372000000003,
    "avg_ms": 21.984672625,
    "all_runs_ms": [
      29.164241,
      24.637372000000003,
      22.641661,
      20.699267,
      19.920732,
      19.608781,
      18.891143999999997,
      23.653006,
      20.413206,
      24.303356
    ]
  },
  "resource_usage": [
    {
      "timestamp_ms": 1747691069616,
      "cpu_usage_percent": 7.5329576,
      "memory_bytes": 11984728064
    },
    {
      "timestamp_ms": 1747691069827,
      "cpu_usage_percent": 0.7092199,
      "memory_bytes": 11953332224
    }
  ]
}