{
  "query_file": "/home/eden/GraduationProject/ember-sgm/resources/plan/unoptimized/ldbc-bi-19.json",
  "storage_type": "sqlite",
  "cache_size": 512,
  "num_runs": 10,
  "num_warmup": 1,
  "timing": {
    "min_ms": 37.355689,
    "max_ms": 42.287898999999996,
    "avg_ms": 40.011602499999995,
    "all_runs_ms": [
      42.287898999999996,
      39.861914,
      43.685803,
      37.653068,
      42.250253,
      37.355689,
      35.036852,
      39.55463,
      41.459112,
      39.670255000000004
    ]
  },
  "resource_usage": [
    {
      "timestamp_ms": 1747691079852,
      "cpu_usage_percent": 8.982036,
      "memory_bytes": 12029112320
    },
    {
      "timestamp_ms": 1747691080062,
      "cpu_usage_percent": 9.512195,
      "memory_bytes": 11997716480
    }
  ]
}