{
  "query_file": "/home/eden/GraduationProject/ember-sgm/resources/plan/unoptimized/ldbc-bi-16.json",
  "storage_type": "sqlite",
  "cache_size": 512,
  "num_runs": 10,
  "num_warmup": 1,
  "timing": {
    "min_ms": 44.246994,
    "max_ms": 55.141597,
    "avg_ms": 50.434205375,
    "all_runs_ms": [
      55.141597,
      59.383728,
      48.721168,
      44.246994,
      52.20088,
      50.993735,
      52.770579999999995,
      46.120061,
      53.278628000000005,
      43.836977
    ]
  },
  "resource_usage": [
    {
      "timestamp_ms": 1747691075632,
      "cpu_usage_percent": 16.176472,
      "memory_bytes": 12010090496
    },
    {
      "timestamp_ms": 1747691075844,
      "cpu_usage_percent": 14.355232,
      "memory_bytes": 12010090496
    },
    {
      "timestamp_ms": 1747691076056,
      "cpu_usage_percent": 8.6747,
      "memory_bytes": 11978694656
    }
  ]
}