{
  "query_file": "/home/eden/GraduationProject/ember-sgm/resources/plan/unoptimized/ldbc-bi-18.json",
  "storage_type": "sqlite",
  "cache_size": 512,
  "num_runs": 10,
  "num_warmup": 1,
  "timing": {
    "min_ms": 29.214156000000003,
    "max_ms": 36.104029000000004,
    "avg_ms": 32.0990575,
    "all_runs_ms": [
      36.104029000000004,
      36.581989,
      29.772167,
      32.360020000000006,
      32.819806,
      31.138908,
      29.214156000000003,
      25.799292,
      34.324386,
      31.058988
    ]
  },
  "resource_usage": [
    {
      "timestamp_ms": 1747691079378,
      "cpu_usage_percent": 7.505071,
      "memory_bytes": 12022771712
    },
    {
      "timestamp_ms": 1747691079590,
      "cpu_usage_percent": 5.21327,
      "memory_bytes": 11991375872
    }
  ]
}