{
  "query_file": "/home/eden/GraduationProject/ember-sgm/resources/plan/unoptimized/ldbc-bi-20.json",
  "storage_type": "sqlite",
  "cache_size": 512,
  "num_runs": 10,
  "num_warmup": 1,
  "timing": {
    "min_ms": 20.396969000000002,
    "max_ms": 24.958036,
    "avg_ms": 22.196374999999996,
    "all_runs_ms": [
      24.378514,
      21.815894,
      20.599739999999997,
      24.958036,
      20.312554,
      22.220887,
      21.972965000000002,
      21.227995,
      20.396969000000002,
      27.648587
    ]
  },
  "resource_usage": [
    {
      "timestamp_ms": 1747691080323,
      "cpu_usage_percent": 4.892368,
      "memory_bytes": 12035379200
    },
    {
      "timestamp_ms": 1747691080533,
      "cpu_usage_percent": 0.94562644,
      "memory_bytes": 12003983360
    }
  ]
}