{
  "query_file": "/home/eden/GraduationProject/ember-sgm/resources/plan/unoptimized/ldbc-bi-2.json",
  "storage_type": "sqlite",
  "cache_size": 512,
  "num_runs": 10,
  "num_warmup": 1,
  "timing": {
    "min_ms": 55.849391999999995,
    "max_ms": 66.014553,
    "avg_ms": 60.861536249999986,
    "all_runs_ms": [
      58.908281,
      66.014553,
      58.334219,
      55.849391999999995,
      64.560074,
      55.248937,
      60.294162,
      66.86821900000001,
      58.952448999999994,
      63.97915999999999
    ]
  },
  "resource_usage": [
    {
      "timestamp_ms": 1747691046756,
      "cpu_usage_percent": 3.2407405,
      "memory_bytes": 3335315456
    },
    {
      "timestamp_ms": 1747691046961,
      "cpu_usage_percent": 5.365854,
      "memory_bytes": 3335315456
    },
    {
      "timestamp_ms": 1747691047167,
      "cpu_usage_percent": 5.048077,
      "memory_bytes": 3335315456
    },
    {
      "timestamp_ms": 1747691047372,
      "cpu_usage_percent": 2.926829,
      "memory_bytes": 3335315456
    }
  ]
}