{
  "query_file": "/home/eden/GraduationProject/ember-sgm/resources/plan/unoptimized/ldbc-bi-4.json",
  "storage_type": "sqlite",
  "cache_size": 512,
  "num_runs": 10,
  "num_warmup": 1,
  "timing": {
    "min_ms": 26.150052,
    "max_ms": 36.070499,
    "avg_ms": 32.349781875,
    "all_runs_ms": [
      37.26889,
      36.070499,
      33.524826,
      35.952934,
      29.600064,
      25.907082000000003,
      26.150052,
      30.456526,
      32.289885,
      34.753469
    ]
  },
  "resource_usage": [
    {
      "timestamp_ms": 1747691049741,
      "cpu_usage_percent": 18.820864,
      "memory_bytes": 5099388928
    },
    {
      "timestamp_ms": 1747691049945,
      "cpu_usage_percent": 12.814072,
      "memory_bytes": 5067993088
    }
  ]
}