{
  "query_file": "/home/eden/GraduationProject/ember-sgm/resources/plan/unoptimized/ldbc-bi-9.json",
  "storage_type": "sqlite",
  "cache_size": 512,
  "num_runs": 10,
  "num_warmup": 1,
  "timing": {
    "min_ms": 17.355682,
    "max_ms": 21.307626,
    "avg_ms": 19.156664875,
    "all_runs_ms": [
      21.169823,
      17.512784,
      22.586437,
      19.337085000000002,
      19.734285,
      18.581732,
      15.998779,
      17.355682,
      18.254302,
      21.307626
    ]
  },
  "resource_usage": [
    {
      "timestamp_ms": 1747691064515,
      "cpu_usage_percent": 4.0899796,
      "memory_bytes": 11873857536
    }
  ]
}