{
  "query_file": "/home/eden/GraduationProject/ember-sgm/resources/plan/ldbc-bi-13.json",
  "storage_type": "sqlite",
  "cache_size": 512,
  "num_runs": 10,
  "num_warmup": 1,
  "timing": {
    "min_ms": 47.339103,
    "max_ms": 55.158334,
    "avg_ms": 51.362903375,
    "all_runs_ms": [
      54.826912,
      51.592959,
      47.066255,
      50.07138,
      52.302465999999995,
      48.877024,
      50.735049,
      55.158334,
      47.339103,
      58.928713
    ]
  },
  "resource_usage": [
    {
      "timestamp_ms": 1747228566965,
      "cpu_usage_percent": 11.445784,
      "memory_bytes": 11981783040
    },
    {
      "timestamp_ms": 1747228567177,
      "cpu_usage_percent": 14.463841,
      "memory_bytes": 11981783040
    },
    {
      "timestamp_ms": 1747228567387,
      "cpu_usage_percent": 8.235294,
      "memory_bytes": 11950387200
    }
  ]
}