{
  "query_file": "/home/eden/GraduationProject/ember-sgm/resources/plan/ldbc-bi-19.json",
  "storage_type": "sqlite",
  "cache_size": 512,
  "num_runs": 10,
  "num_warmup": 1,
  "timing": {
    "min_ms": 42.407113,
    "max_ms": 46.91639,
    "avg_ms": 44.471018375,
    "all_runs_ms": [
      42.698509,
      44.713457999999996,
      46.91639,
      45.087044,
      45.983204,
      41.475864,
      42.955673,
      45.006756,
      42.407113,
      48.288151
    ]
  },
  "resource_usage": [
    {
      "timestamp_ms": 1747228576818,
      "cpu_usage_percent": 7.484407,
      "memory_bytes": 12019826688
    },
    {
      "timestamp_ms": 1747228577031,
      "cpu_usage_percent": 9.241706,
      "memory_bytes": 12019826688
    },
    {
      "timestamp_ms": 1747228577242,
      "cpu_usage_percent": 1.6587677,
      "memory_bytes": 11988430848
    }
  ]
}