{
  "query_file": "/home/eden/GraduationProject/ember-sgm/resources/plan/ldbc-bi-16.json",
  "storage_type": "sqlite",
  "cache_size": 512,
  "num_runs": 10,
  "num_warmup": 1,
  "timing": {
    "min_ms": 43.807961,
    "max_ms": 54.619322999999994,
    "avg_ms": 49.688153375000006,
    "all_runs_ms": [
      54.619322999999994,
      52.742211999999995,
      47.280278,
      52.18226,
      49.186787,
      47.114362,
      40.96372,
      59.719587999999995,
      43.807961,
      50.572044
    ]
  },
  "resource_usage": [
    {
      "timestamp_ms": 1746695332699,
      "cpu_usage_percent": 15.264188,
      "memory_bytes": 12017483776
    },
    {
      "timestamp_ms": 1746695332911,
      "cpu_usage_percent": 14.746544,
      "memory_bytes": 12017483776
    },
    {
      "timestamp_ms": 1746695333122,
      "cpu_usage_percent": 8.158508,
      "memory_bytes": 11986087936
    }
  ]
}