{
  "query_file": "/home/eden/GraduationProject/ember-sgm/resources/plan/ldbc-bi-1.json",
  "storage_type": "sqlite",
  "cache_size": 512,
  "num_runs": 10,
  "num_warmup": 1,
  "timing": {
    "min_ms": 9.691131,
    "max_ms": 12.712861,
    "avg_ms": 11.685629624999999,
    "all_runs_ms": [
      11.750096999999998,
      9.691131,
      9.455254,
      12.523203,
      12.814588,
      12.712861,
      11.151243,
      11.69548,
      11.740896000000001,
      12.220125999999999
    ]
  },
  "resource_usage": []
}