{
  "query_file": "/home/eden/GraduationProject/ember-sgm/resources/plan/ldbc-bi-1.json",
  "storage_type": "sqlite",
  "cache_size": 512,
  "num_runs": 10,
  "num_warmup": 1,
  "timing": {
    "min_ms": 9.960589,
    "max_ms": 11.312427,
    "avg_ms": 10.752172375,
    "all_runs_ms": [
      12.158083,
      10.376140000000001,
      9.960589,
      10.759843,
      9.887772,
      11.312427,
      11.077325,
      11.160995,
      10.730952,
      10.639108
    ]
  },
  "resource_usage": []
}