{
  "query_file": "/home/eden/GraduationProject/ember-sgm/resources/plan/ldbc-bi-1.json",
  "storage_type": "sqlite",
  "cache_size": 512,
  "num_runs": 10,
  "num_warmup": 1,
  "timing": {
    "min_ms": 9.795694000000001,
    "max_ms": 11.688666,
    "avg_ms": 10.536680500000001,
    "all_runs_ms": [
      11.958148999999999,
      10.069664000000001,
      9.795694000000001,
      10.192252,
      10.293936,
      9.773261999999999,
      11.162441000000001,
      11.688666,
      10.644827000000001,
      10.445964
    ]
  },
  "resource_usage": []
}