{
  "query_file": "/home/eden/GraduationProject/ember-sgm/resources/plan/ldbc-bi-19.json",
  "storage_type": "sqlite",
  "cache_size": 512,
  "num_runs": 10,
  "num_warmup": 1,
  "timing": {
    "min_ms": 31.175562,
    "max_ms": 39.698358000000006,
    "avg_ms": 34.613482499999996,
    "all_runs_ms": [
      45.600626,
      35.863884,
      30.752087,
      33.617484000000005,
      31.175562,
      34.324407,
      34.765573,
      39.698358000000006,
      35.273747,
      32.188845
    ]
  },
  "resource_usage": [
    {
      "timestamp_ms": 1746118766679,
      "cpu_usage_percent": 10.980392,
      "memory_bytes": 12042952704
    },
    {
      "timestamp_ms": 1746118766890,
      "cpu_usage_percent": 7.8199053,
      "memory_bytes": 12011556864
    }
  ]
}