{
  "query_file": "/home/eden/GraduationProject/ember-sgm/resources/plan/neo4j_ordered/ldbc-bi-11.json",
  "storage_type": "sqlite",
  "cache_size": 512,
  "num_runs": 10,
  "num_warmup": 1,
  "timing": {
    "min_ms": 57.615398,
    "max_ms": 64.948172,
    "avg_ms": 61.570384125000004,
    "all_runs_ms": [
      88.364592,
      58.037115,
      63.372356,
      60.313894,
      63.983399,
      64.948172,
      56.482541,
      61.792812000000005,
      57.615398,
      62.499927
    ]
  },
  "resource_usage": [
    {
      "timestamp_ms": 1746108435363,
      "cpu_usage_percent": 25.824177,
      "memory_bytes": 12003995648
    },
    {
      "timestamp_ms": 1746108435582,
      "cpu_usage_percent": 30.024212,
      "memory_bytes": 12003995648
    },
    {
      "timestamp_ms": 1746108435796,
      "cpu_usage_percent": 25.721155,
      "memory_bytes": 12003995648
    },
    {
      "timestamp_ms": 1746108436009,
      "cpu_usage_percent": 5.479452,
      "memory_bytes": 11972599808
    }
  ]
}