{
  "query_file": "/home/eden/GraduationProject/ember-sgm/resources/plan/ldbc-bi-18.json",
  "storage_type": "sqlite",
  "cache_size": 512,
  "num_runs": 10,
  "num_warmup": 1,
  "timing": {
    "min_ms": 27.251779,
    "max_ms": 35.346233,
    "avg_ms": 31.071903375000005,
    "all_runs_ms": [
      35.009453,
      29.211882000000003,
      32.862682,
      26.817915000000003,
      27.251779,
      31.014967000000002,
      35.346233,
      36.821421,
      30.017986,
      27.860245
    ]
  },
  "resource_usage": [
    {
      "timestamp_ms": 1746118766198,
      "cpu_usage_percent": 6.8359375,
      "memory_bytes": 12036612096
    },
    {
      "timestamp_ms": 1746118766410,
      "cpu_usage_percent": 4.3269234,
      "memory_bytes": 12005216256
    }
  ]
}