{
  "query_file": "/home/eden/GraduationProject/ember-sgm/resources/plan/ldbc-bi-13.json",
  "storage_type": "sqlite",
  "cache_size": 512,
  "num_runs": 10,
  "num_warmup": 1,
  "timing": {
    "min_ms": 43.876673,
    "max_ms": 50.079066999999995,
    "avg_ms": 46.870131625,
    "all_runs_ms": [
      45.428512,
      50.079066999999995,
      44.132028,
      46.742851,
      48.84272,
      46.946261,
      42.772158,
      51.589297,
      48.912941000000004,
      43.876673
    ]
  },
  "resource_usage": [
    {
      "timestamp_ms": 1746168622732,
      "cpu_usage_percent": 13.333334,
      "memory_bytes": 11966873600
    },
    {
      "timestamp_ms": 1746168622944,
      "cpu_usage_percent": 14.553991,
      "memory_bytes": 11966873600
    },
    {
      "timestamp_ms": 1746168623154,
      "cpu_usage_percent": 4.3269234,
      "memory_bytes": 11935477760
    }
  ]
}