{
  "query_file": "/home/eden/GraduationProject/ember-sgm/resources/plan/neo4j_ordered/ldbc-bi-11.json",
  "storage_type": "sqlite",
  "cache_size": 512,
  "num_runs": 10,
  "num_warmup": 1,
  "timing": {
    "min_ms": 71.309842,
    "max_ms": 77.36425700000001,
    "avg_ms": 73.12602774999999,
    "all_runs_ms": [
      73.54392299999999,
      73.078826,
      72.586506,
      80.212579,
      72.698814,
      72.669181,
      71.309842,
      70.35878199999999,
      77.36425700000001,
      71.756873
    ]
  },
  "resource_usage": [
    {
      "timestamp_ms": 1746168621370,
      "cpu_usage_percent": 18.796993,
      "memory_bytes": 11954192384
    },
    {
      "timestamp_ms": 1746168621583,
      "cpu_usage_percent": 23.764706,
      "memory_bytes": 11954192384
    },
    {
      "timestamp_ms": 1746168621796,
      "cpu_usage_percent": 25.247524,
      "memory_bytes": 11954192384
    },
    {
      "timestamp_ms": 1746168622007,
      "cpu_usage_percent": 15.990453,
      "memory_bytes": 11922796544
    }
  ]
}