{
  "query_file": "/home/eden/GraduationProject/ember-sgm/resources/plan/ldbc-bi-13.json",
  "storage_type": "sqlite",
  "cache_size": 512,
  "num_runs": 10,
  "num_warmup": 1,
  "timing": {
    "min_ms": 46.309493,
    "max_ms": 49.216084,
    "avg_ms": 47.913207375000006,
    "all_runs_ms": [
      47.356249000000005,
      45.338229,
      48.976928,
      46.309493,
      47.823047,
      48.992384,
      49.216084,
      50.706035,
      48.320445,
      46.311029
    ]
  },
  "resource_usage": [
    {
      "timestamp_ms": 1746695329304,
      "cpu_usage_percent": 12.0527315,
      "memory_bytes": 11998461952
    },
    {
      "timestamp_ms": 1746695329517,
      "cpu_usage_percent": 16.666666,
      "memory_bytes": 11998461952
    },
    {
      "timestamp_ms": 1746695329726,
      "cpu_usage_percent": 5.5555553,
      "memory_bytes": 11967066112
    }
  ]
}