{
  "query_file": "/home/eden/GraduationProject/ember-sgm/resources/plan/ldbc-bi-18.json",
  "storage_type": "sqlite",
  "cache_size": 512,
  "num_runs": 10,
  "num_warmup": 1,
  "timing": {
    "min_ms": 27.042223,
    "max_ms": 33.598757,
    "avg_ms": 29.398032750000002,
    "all_runs_ms": [
      29.105715,
      31.664143999999997,
      29.232167999999998,
      27.042223,
      28.23585,
      27.300837,
      29.004568000000003,
      33.598757,
      26.538401999999998,
      34.652083
    ]
  },
  "resource_usage": [
    {
      "timestamp_ms": 1746108443212,
      "cpu_usage_percent": 6.944444,
      "memory_bytes": 12048379904
    },
    {
      "timestamp_ms": 1746108443425,
      "cpu_usage_percent": 3.2786884,
      "memory_bytes": 12016984064
    }
  ]
}