{
  "query_file": "/home/eden/GraduationProject/ember-sgm/resources/plan/ldbc-bi-12.json",
  "storage_type": "sqlite",
  "cache_size": 512,
  "num_runs": 10,
  "num_warmup": 1,
  "timing": {
    "min_ms": 19.506546,
    "max_ms": 25.184551,
    "avg_ms": 21.442599625,
    "all_runs_ms": [
      26.137112000000002,
      23.890076,
      19.954656,
      22.59273,
      21.352376999999997,
      19.553045,
      19.424854,
      19.506546,
      19.506816,
      25.184551
    ]
  },
  "resource_usage": [
    {
      "timestamp_ms": 1746168622258,
      "cpu_usage_percent": 8.281573,
      "memory_bytes": 11960532992
    },
    {
      "timestamp_ms": 1746168622467,
      "cpu_usage_percent": 0.4784689,
      "memory_bytes": 11929137152
    }
  ]
}