{
  "query_file": "/home/eden/GraduationProject/ember-sgm/resources/plan/ldbc-bi-16.json",
  "storage_type": "sqlite",
  "cache_size": 512,
  "num_runs": 10,
  "num_warmup": 1,
  "timing": {
    "min_ms": 48.305464,
    "max_ms": 53.32537,
    "avg_ms": 50.86008637500001,
    "all_runs_ms": [
      60.399585,
      52.634769999999996,
      49.771236,
      49.216428,
      52.374917,
      48.305464,
      48.648011,
      52.604495,
      53.32537,
      45.868617
    ]
  },
  "resource_usage": [
    {
      "timestamp_ms": 1747228985831,
      "cpu_usage_percent": 12.741313,
      "memory_bytes": 12005228544
    },
    {
      "timestamp_ms": 1747228986044,
      "cpu_usage_percent": 11.971831,
      "memory_bytes": 12005228544
    },
    {
      "timestamp_ms": 1747228986254,
      "cpu_usage_percent": 7.2992706,
      "memory_bytes": 11973832704
    }
  ]
}