{
  "query_file": "/home/eden/GraduationProject/ember-sgm/resources/plan/ldbc-bi-19.json",
  "storage_type": "sqlite",
  "cache_size": 512,
  "num_runs": 10,
  "num_warmup": 1,
  "timing": {
    "min_ms": 39.790623999999994,
    "max_ms": 43.240047,
    "avg_ms": 41.133434625,
    "all_runs_ms": [
      43.240047,
      44.156252,
      40.794479,
      39.790623999999994,
      42.437760999999995,
      40.925557,
      35.94327,
      40.070783999999996,
      40.731174,
      41.077051000000004
    ]
  },
  "resource_usage": [
    {
      "timestamp_ms": 1747228990113,
      "cpu_usage_percent": 7.1563087,
      "memory_bytes": 12024213504
    },
    {
      "timestamp_ms": 1747228990326,
      "cpu_usage_percent": 8.809524,
      "memory_bytes": 11992780800
    }
  ]
}