{
  "query_file": "/home/eden/GraduationProject/ember-sgm/resources/plan/ldbc-bi-16.json",
  "storage_type": "sqlite",
  "cache_size": 512,
  "num_runs": 10,
  "num_warmup": 1,
  "timing": {
    "min_ms": 46.996845,
    "max_ms": 52.859967,
    "avg_ms": 49.64350625,
    "all_runs_ms": [
      55.182818000000005,
      51.150075,
      52.859967,
      51.649557,
      51.497662999999996,
      47.812253999999996,
      47.463039,
      43.911238,
      46.996845,
      47.718650000000004
    ]
  },
  "resource_usage": [
    {
      "timestamp_ms": 1746108440081,
      "cpu_usage_percent": 13.825757,
      "memory_bytes": 12035698688
    },
    {
      "timestamp_ms": 1746108440294,
      "cpu_usage_percent": 13.163973,
      "memory_bytes": 12035698688
    },
    {
      "timestamp_ms": 1746108440508,
      "cpu_usage_percent": 6.47482,
      "memory_bytes": 12004302848
    }
  ]
}