{
  "query_file": "/home/eden/GraduationProject/ember-sgm/resources/plan/ldbc-bi-16.json",
  "storage_type": "sqlite",
  "cache_size": 512,
  "num_runs": 10,
  "num_warmup": 1,
  "timing": {
    "min_ms": 49.276761,
    "max_ms": 59.307555,
    "avg_ms": 54.030545374999996,
    "all_runs_ms": [
      63.634477,
      53.336854,
      59.307555,
      49.267387,
      53.302516000000004,
      49.276761,
      52.839684999999996,
      54.819731,
      57.416342,
      51.944919
    ]
  },
  "resource_usage": [
    {
      "timestamp_ms": 1747228572594,
      "cpu_usage_percent": 10.877862,
      "memory_bytes": 12000804864
    },
    {
      "timestamp_ms": 1747228572811,
      "cpu_usage_percent": 14.253897,
      "memory_bytes": 12000804864
    },
    {
      "timestamp_ms": 1747228573022,
      "cpu_usage_percent": 8.120649,
      "memory_bytes": 11969409024
    }
  ]
}