{
  "query_file": "/home/eden/GraduationProject/ember-sgm/resources/plan/ldbc-bi-18.json",
  "storage_type": "sqlite",
  "cache_size": 512,
  "num_runs": 10,
  "num_warmup": 1,
  "timing": {
    "min_ms": 26.535515,
    "max_ms": 32.90877,
    "avg_ms": 29.72191825,
    "all_runs_ms": [
      34.457042,
      31.642353999999997,
      27.963603,
      32.90877,
      26.535515,
      29.245639999999998,
      25.941783,
      30.902229,
      27.645894000000002,
      30.931341
    ]
  },
  "resource_usage": [
    {
      "timestamp_ms": 1746168629506,
      "cpu_usage_percent": 7.1856294,
      "memory_bytes": 11998576640
    },
    {
      "timestamp_ms": 1746168629715,
      "cpu_usage_percent": 3.6144576,
      "memory_bytes": 11967180800
    }
  ]
}