{
  "query_file": "/home/eden/GraduationProject/ember-sgm/resources/plan/ldbc-bi-12.json",
  "storage_type": "sqlite",
  "cache_size": 512,
  "num_runs": 10,
  "num_warmup": 1,
  "timing": {
    "min_ms": 19.0538,
    "max_ms": 25.316858,
    "avg_ms": 22.851288999999998,
    "all_runs_ms": [
      25.316858,
      24.850245,
      23.480643,
      21.77591,
      19.97816,
      19.0538,
      18.46901,
      25.438664,
      24.701784,
      23.652912
    ]
  },
  "resource_usage": [
    {
      "timestamp_ms": 1747228566497,
      "cpu_usage_percent": 7.6481833,
      "memory_bytes": 11975442432
    },
    {
      "timestamp_ms": 1747228566707,
      "cpu_usage_percent": 0.47619048,
      "memory_bytes": 11944046592
    }
  ]
}