{
  "query_file": "/home/eden/GraduationProject/ember-sgm/resources/plan/ldbc-bi-19.json",
  "storage_type": "sqlite",
  "cache_size": 512,
  "num_runs": 10,
  "num_warmup": 1,
  "timing": {
    "min_ms": 30.623234,
    "max_ms": 35.181788,
    "avg_ms": 33.5103195,
    "all_runs_ms": [
      42.647448,
      32.484929,
      34.817516,
      29.843906999999998,
      33.316886,
      32.626029,
      30.623234,
      35.181788,
      34.072616,
      34.959558
    ]
  },
  "resource_usage": [
    {
      "timestamp_ms": 1746108443688,
      "cpu_usage_percent": 11.177645,
      "memory_bytes": 12054720512
    },
    {
      "timestamp_ms": 1746108443901,
      "cpu_usage_percent": 7.5294123,
      "memory_bytes": 12023324672
    }
  ]
}