{
  "query_file": "/home/eden/GraduationProject/ember-sgm/resources/plan/ldbc-bi-13.json",
  "storage_type": "sqlite",
  "cache_size": 512,
  "num_runs": 10,
  "num_warmup": 1,
  "timing": {
    "min_ms": 40.183932999999996,
    "max_ms": 45.486507,
    "avg_ms": 43.542515125,
    "all_runs_ms": [
      40.183932999999996,
      43.53763,
      45.122932,
      40.862519,
      47.869384000000004,
      43.518256,
      39.57304,
      44.709396999999996,
      45.486507,
      44.918947
    ]
  },
  "resource_usage": [
    {
      "timestamp_ms": 1747228980137,
      "cpu_usage_percent": 12.741313,
      "memory_bytes": 11789647872
    },
    {
      "timestamp_ms": 1747228980350,
      "cpu_usage_percent": 14.823529,
      "memory_bytes": 11789647872
    },
    {
      "timestamp_ms": 1747228980559,
      "cpu_usage_percent": 1.445783,
      "memory_bytes": 11758252032
    }
  ]
}