{
  "query_file": "/home/eden/GraduationProject/ember-sgm/resources/plan/ldbc-bi-19.json",
  "storage_type": "sqlite",
  "cache_size": 512,
  "num_runs": 10,
  "num_warmup": 1,
  "timing": {
    "min_ms": 30.747651,
    "max_ms": 36.325947,
    "avg_ms": 32.874709875,
    "all_runs_ms": [
      33.992455,
      32.860391,
      30.836556,
      33.399931,
      36.325947,
      33.534911,
      30.747651,
      40.037595,
      31.299836999999997,
      29.914219
    ]
  },
  "resource_usage": [
    {
      "timestamp_ms": 1746168629969,
      "cpu_usage_percent": 9.8,
      "memory_bytes": 12004917248
    },
    {
      "timestamp_ms": 1746168630179,
      "cpu_usage_percent": 6.164384,
      "memory_bytes": 11973521408
    }
  ]
}