{
  "query_file": "/home/eden/GraduationProject/ember-sgm/resources/plan/ldbc-bi-1.json",
  "storage_type": "sqlite",
  "cache_size": 512,
  "num_runs": 10,
  "num_warmup": 1,
  "timing": {
    "min_ms": 10.002603,
    "max_ms": 12.226082,
    "avg_ms": 11.318858500000001,
    "all_runs_ms": [
      15.31179,
      12.226082,
      11.080480999999999,
      10.002603,
      10.591725,
      9.297501,
      10.925278,
      12.150514,
      11.906234999999999,
      11.66795
    ]
  },
  "resource_usage": []
}