{
  "query_file": "/home/eden/GraduationProject/ember-sgm/resources/plan/ldbc-bi-18.json",
  "storage_type": "sqlite",
  "cache_size": 512,
  "num_runs": 10,
  "num_warmup": 1,
  "timing": {
    "min_ms": 30.570427000000002,
    "max_ms": 35.595271999999994,
    "avg_ms": 33.172009625,
    "all_runs_ms": [
      39.861159,
      35.595271999999994,
      30.570427000000002,
      30.822018,
      34.254324000000004,
      32.166599,
      29.415128,
      33.596889,
      33.537527999999995,
      34.83302
    ]
  },
  "resource_usage": [
    {
      "timestamp_ms": 1747228989638,
      "cpu_usage_percent": 5.8076224,
      "memory_bytes": 12017909760
    },
    {
      "timestamp_ms": 1747228989849,
      "cpu_usage_percent": 4.7732697,
      "memory_bytes": 11986513920
    }
  ]
}