{
  "query_file": "/home/eden/GraduationProject/ember-sgm/resources/plan/ldbc-bi-1.json",
  "storage_type": "sqlite",
  "cache_size": 512,
  "num_runs": 10,
  "num_warmup": 1,
  "timing": {
    "min_ms": 9.50259,
    "max_ms": 11.118409,
    "avg_ms": 10.245225625,
    "all_runs_ms": [
      9.50259,
      8.956290000000001,
      9.989968,
      10.165108,
      10.046842,
      11.118409,
      10.841106,
      9.612073,
      10.685709,
      11.357163
    ]
  },
  "resource_usage": []
}