{
  "query_file": "/home/eden/GraduationProject/ember-sgm/resources/plan/ldbc-bi-12.json",
  "storage_type": "sqlite",
  "cache_size": 512,
  "num_runs": 10,
  "num_warmup": 1,
  "timing": {
    "min_ms": 20.167977,
    "max_ms": 24.225395,
    "avg_ms": 22.147790499999996,
    "all_runs_ms": [
      30.470357,
      21.812192,
      22.911623,
      22.3992,
      22.508639,
      21.091188,
      20.003673,
      20.167977,
      24.225395,
      22.06611
    ]
  },
  "resource_usage": [
    {
      "timestamp_ms": 1746118759132,
      "cpu_usage_percent": 10.305343,
      "memory_bytes": 12008681472
    },
    {
      "timestamp_ms": 1746118759343,
      "cpu_usage_percent": 0.71428573,
      "memory_bytes": 11977285632
    }
  ]
}