{
  "query_file": "/home/eden/GraduationProject/ember-sgm/resources/plan/ldbc-bi-16.json",
  "storage_type": "sqlite",
  "cache_size": 512,
  "num_runs": 10,
  "num_warmup": 1,
  "timing": {
    "min_ms": 47.70559,
    "max_ms": 58.876931,
    "avg_ms": 53.314383375,
    "all_runs_ms": [
      58.876931,
      55.504129,
      61.462044,
      51.595127999999995,
      55.562653,
      49.630348999999995,
      53.9118,
      53.728487,
      45.004417999999994,
      47.70559
    ]
  },
  "resource_usage": [
    {
      "timestamp_ms": 1746168626379,
      "cpu_usage_percent": 14.15608,
      "memory_bytes": 11985895424
    },
    {
      "timestamp_ms": 1746168626593,
      "cpu_usage_percent": 12.557077,
      "memory_bytes": 11985895424
    },
    {
      "timestamp_ms": 1746168626803,
      "cpu_usage_percent": 9.213484,
      "memory_bytes": 11954499584
    }
  ]
}