{
  "query_file": "/home/eden/GraduationProject/ember-sgm/resources/plan/ldbc-bi-13.json",
  "storage_type": "sqlite",
  "cache_size": 512,
  "num_runs": 10,
  "num_warmup": 1,
  "timing": {
    "min_ms": 39.87506,
    "max_ms": 54.583791,
    "avg_ms": 45.17721350000001,
    "all_runs_ms": [
      54.583791,
      41.247375000000005,
      40.592377,
      39.87506,
      46.990563,
      40.901654,
      39.863318,
      45.278285000000004,
      58.894689,
      51.948603000000006
    ]
  },
  "resource_usage": [
    {
      "timestamp_ms": 1746118759607,
      "cpu_usage_percent": 17.164179,
      "memory_bytes": 12015022080
    },
    {
      "timestamp_ms": 1746118759823,
      "cpu_usage_percent": 16.475971,
      "memory_bytes": 12015022080
    },
    {
      "timestamp_ms": 1746118760035,
      "cpu_usage_percent": 4.347826,
      "memory_bytes": 11983626240
    }
  ]
}