{
  "query_file": "/home/eden/GraduationProject/ember-sgm/resources/plan/ldbc-bi-16.json",
  "storage_type": "sqlite",
  "cache_size": 512,
  "num_runs": 10,
  "num_warmup": 1,
  "timing": {
    "min_ms": 48.655423000000006,
    "max_ms": 54.982521,
    "avg_ms": 51.281343375000006,
    "all_runs_ms": [
      59.194374,
      50.814697,
      48.655423000000006,
      54.982521,
      51.45644,
      49.541259,
      54.232072,
      47.093452,
      51.09511,
      49.473225
    ]
  },
  "resource_usage": [
    {
      "timestamp_ms": 1746118763082,
      "cpu_usage_percent": 13.35807,
      "memory_bytes": 12034043904
    },
    {
      "timestamp_ms": 1746118763295,
      "cpu_usage_percent": 14.698794,
      "memory_bytes": 12034043904
    },
    {
      "timestamp_ms": 1746118763508,
      "cpu_usage_percent": 7.004831,
      "memory_bytes": 12002648064
    }
  ]
}