{
  "query_file": "/home/eden/GraduationProject/ember-sgm/resources/plan/ldbc-bi-12.json",
  "storage_type": "sqlite",
  "cache_size": 512,
  "num_runs": 10,
  "num_warmup": 1,
  "timing": {
    "min_ms": 21.347690999999998,
    "max_ms": 25.27006,
    "avg_ms": 23.20097325,
    "all_runs_ms": [
      24.341397,
      25.855982,
      25.27006,
      21.595865,
      22.006749,
      21.347690999999998,
      23.577942,
      19.330632,
      25.132776999999997,
      22.335304999999998
    ]
  },
  "resource_usage": [
    {
      "timestamp_ms": 1747228979670,
      "cpu_usage_percent": 7.6152296,
      "memory_bytes": 11783307264
    },
    {
      "timestamp_ms": 1747228979879,
      "cpu_usage_percent": 0.96618354,
      "memory_bytes": 11751911424
    }
  ]
}