{
  "query_file": "/home/eden/GraduationProject/ember-sgm/resources/plan/neo4j_ordered/ldbc-bi-11.json",
  "storage_type": "sqlite",
  "cache_size": 512,
  "num_runs": 10,
  "num_warmup": 1,
  "timing": {
    "min_ms": 61.804711999999995,
    "max_ms": 67.030829,
    "avg_ms": 63.369316999999995,
    "all_runs_ms": [
      89.755931,
      62.222315,
      63.120524999999994,
      61.804711999999995,
      62.088212,
      62.69205999999999,
      63.912779,
      67.030829,
      64.083104,
      60.839221
    ]
  },
  "resource_usage": [
    {
      "timestamp_ms": 1746118758225,
      "cpu_usage_percent": 24.545454,
      "memory_bytes": 12002340864
    },
    {
      "timestamp_ms": 1746118758444,
      "cpu_usage_percent": 25.869564,
      "memory_bytes": 12002340864
    },
    {
      "timestamp_ms": 1746118758658,
      "cpu_usage_percent": 26.45631,
      "memory_bytes": 12002340864
    },
    {
      "timestamp_ms": 1746118758869,
      "cpu_usage_percent": 7.7283373,
      "memory_bytes": 11970945024
    }
  ]
}