{
  "query_file": "/home/eden/GraduationProject/ember-sgm/resources/plan/ldbc-bi-18.json",
  "storage_type": "sqlite",
  "cache_size": 512,
  "num_runs": 10,
  "num_warmup": 1,
  "timing": {
    "min_ms": 29.032016000000002,
    "max_ms": 34.204327,
    "avg_ms": 31.019987500000003,
    "all_runs_ms": [
      36.197175,
      33.906337,
      31.566967,
      29.824412000000002,
      29.032016000000002,
      31.114668,
      34.204327,
      29.058377,
      28.396,
      29.452796
    ]
  },
  "resource_usage": [
    {
      "timestamp_ms": 1747228576356,
      "cpu_usage_percent": 6.1752987,
      "memory_bytes": 12013486080
    },
    {
      "timestamp_ms": 1747228576567,
      "cpu_usage_percent": 3.5377357,
      "memory_bytes": 11982090240
    }
  ]
}