{
  "query_file": "/home/eden/GraduationProject/ember-sgm/resources/plan/ldbc-bi-18.json",
  "storage_type": "sqlite",
  "cache_size": 512,
  "num_runs": 10,
  "num_warmup": 1,
  "timing": {
    "min_ms": 27.490176,
    "max_ms": 33.472998,
    "avg_ms": 30.866788749999998,
    "all_runs_ms": [
      33.472998,
      27.490176,
      27.191026,
      32.583228999999996,
      31.592177999999997,
      30.195884999999997,
      31.411119000000003,
      29.918806,
      33.910247,
      30.269918999999998
    ]
  },
  "resource_usage": [
    {
      "timestamp_ms": 1746695335968,
      "cpu_usage_percent": 7.6446276,
      "memory_bytes": 12030164992
    },
    {
      "timestamp_ms": 1746695336178,
      "cpu_usage_percent": 4.545455,
      "memory_bytes": 11998769152
    }
  ]
}