{
  "query_file": "/home/eden/GraduationProject/ember-sgm/resources/plan/ldbc-bi-20.json",
  "storage_type": "sqlite",
  "cache_size": 512,
  "num_runs": 10,
  "num_warmup": 1,
  "timing": {
    "min_ms": 25.165074999999998,
    "max_ms": 31.700602,
    "avg_ms": 28.010882499999997,
    "all_runs_ms": [
      25.165074999999998,
      26.506345,
      29.003471,
      27.474144,
      31.700602,
      25.893748000000002,
      24.216379,
      28.987824999999997,
      29.35585,
      42.735836
    ]
  },
  "resource_usage": [
    {
      "timestamp_ms": 1746118767152,
      "cpu_usage_percent": 5.252918,
      "memory_bytes": 12017860608
    },
    {
      "timestamp_ms": 1746118767363,
      "cpu_usage_percent": 2.857143,
      "memory_bytes": 12017823744
    }
  ]
}