{
  "query_file": "/home/eden/GraduationProject/ember-sgm/resources/plan/ldbc-bi-2.json",
  "storage_type": "sqlite",
  "cache_size": 512,
  "num_runs": 10,
  "num_warmup": 1,
  "timing": {
    "min_ms": 69.45308,
    "max_ms": 78.87446200000001,
    "avg_ms": 74.18475375,
    "all_runs_ms": [
      78.87446200000001,
      75.408411,
      66.700676,
      72.004943,
      73.34777700000001,
      71.626786,
      76.549617,
      81.33978,
      69.45308,
      76.212954
    ]
  },
  "resource_usage": [
    {
      "timestamp_ms": 1747228960357,
      "cpu_usage_percent": 4.7945204,
      "memory_bytes": 3335286784
    },
    {
      "timestamp_ms": 1747228960563,
      "cpu_usage_percent": 5.352798,
      "memory_bytes": 3335286784
    },
    {
      "timestamp_ms": 1747228960768,
      "cpu_usage_percent": 5.378973,
      "memory_bytes": 3335286784
    },
    {
      "timestamp_ms": 1747228960973,
      "cpu_usage_percent": 4.8899755,
      "memory_bytes": 3335286784
    }
  ]
}