{
  "query_file": "/home/eden/GraduationProject/ember-sgm/resources/plan/ldbc-bi-20.json",
  "storage_type": "sqlite",
  "cache_size": 512,
  "num_runs": 10,
  "num_warmup": 1,
  "timing": {
    "min_ms": 25.001956,
    "max_ms": 28.767262,
    "avg_ms": 26.7904005,
    "all_runs_ms": [
      24.842682,
      25.770925,
      26.917746,
      28.767262,
      26.327441999999998,
      28.358639,
      25.001956,
      27.987254,
      25.19198,
      30.773301999999997
    ]
  },
  "resource_usage": [
    {
      "timestamp_ms": 1746695336897,
      "cpu_usage_percent": 5.719921,
      "memory_bytes": 12042846208
    },
    {
      "timestamp_ms": 1746695337107,
      "cpu_usage_percent": 2.857143,
      "memory_bytes": 12011450368
    }
  ]
}