{
  "query_file": "/home/eden/GraduationProject/ember-sgm/resources/plan/ldbc-bi-20.json",
  "storage_type": "sqlite",
  "cache_size": 512,
  "num_runs": 10,
  "num_warmup": 1,
  "timing": {
    "min_ms": 22.747207,
    "max_ms": 28.139895000000003,
    "avg_ms": 25.49062825,
    "all_runs_ms": [
      24.172141,
      22.780944,
      27.381494999999997,
      22.747207,
      22.590546,
      27.329076,
      29.344389,
      26.750507,
      28.139895000000003,
      24.623761000000002
    ]
  },
  "resource_usage": [
    {
      "timestamp_ms": 1747228577495,
      "cpu_usage_percent": 4.563492,
      "memory_bytes": 11994734592
    },
    {
      "timestamp_ms": 1747228577705,
      "cpu_usage_percent": 1.4251783,
      "memory_bytes": 11994697728
    }
  ]
}