{
  "query_file": "/home/eden/GraduationProject/ember-sgm/resources/plan/ldbc-bi-2.json",
  "storage_type": "sqlite",
  "cache_size": 512,
  "num_runs": 10,
  "num_warmup": 1,
  "timing": {
    "min_ms": 64.035225,
    "max_ms": 71.729794,
    "avg_ms": 68.74965999999999,
    "all_runs_ms": [
      67.769278,
      67.55992099999999,
      71.729794,
      69.914069,
      62.065595,
      71.134022,
      71.495274,
      72.79471799999999,
      66.359697,
      64.035225
    ]
  },
  "resource_usage": [
    {
      "timestamp_ms": 1747228547794,
      "cpu_usage_percent": 4.827586,
      "memory_bytes": 3366699008
    },
    {
      "timestamp_ms": 1747228547998,
      "cpu_usage_percent": 5.147059,
      "memory_bytes": 3366699008
    },
    {
      "timestamp_ms": 1747228548204,
      "cpu_usage_percent": 5.097087,
      "memory_bytes": 3366699008
    },
    {
      "timestamp_ms": 1747228548409,
      "cpu_usage_percent": 3.6407764,
      "memory_bytes": 3335303168
    }
  ]
}