{
  "query_file": "/home/eden/GraduationProject/ember-sgm/resources/plan/ldbc-bi-20.json",
  "storage_type": "sqlite",
  "cache_size": 512,
  "num_runs": 10,
  "num_warmup": 1,
  "timing": {
    "min_ms": 23.931578,
    "max_ms": 28.310335,
    "avg_ms": 26.552378,
    "all_runs_ms": [
      27.842464,
      28.310335,
      26.006700000000002,
      25.494493,
      23.771656,
      27.236907000000002,
      23.931578,
      25.97013,
      30.43465,
      27.626417
    ]
  },
  "resource_usage": [
    {
      "timestamp_ms": 1746108444163,
      "cpu_usage_percent": 5.078125,
      "memory_bytes": 12061061120
    },
    {
      "timestamp_ms": 1746108444375,
      "cpu_usage_percent": 2.1479712,
      "memory_bytes": 12029665280
    }
  ]
}