{
  "query_file": "/home/eden/GraduationProject/ember-sgm/resources/plan/ldbc-bi-20.json",
  "storage_type": "sqlite",
  "cache_size": 512,
  "num_runs": 10,
  "num_warmup": 1,
  "timing": {
    "min_ms": 22.385629,
    "max_ms": 25.944869,
    "avg_ms": 24.237337,
    "all_runs_ms": [
      25.191564,
      23.395674000000003,
      21.84965,
      24.866573,
      24.55492,
      22.868171,
      26.813954000000003,
      25.944869,
      22.385629,
      24.691296
    ]
  },
  "resource_usage": [
    {
      "timestamp_ms": 1747228990577,
      "cpu_usage_percent": 4.637097,
      "memory_bytes": 12024213504
    },
    {
      "timestamp_ms": 1747228990787,
      "cpu_usage_percent": 0.95238096,
      "memory_bytes": 11992817664
    }
  ]
}