{
  "query_file": "/home/eden/GraduationProject/ember-sgm/resources/plan/ldbc-bi-2.json",
  "storage_type": "sqlite",
  "cache_size": 512,
  "num_runs": 10,
  "num_warmup": 1,
  "timing": {
    "min_ms": 66.530795,
    "max_ms": 72.787419,
    "avg_ms": 69.39644025000001,
    "all_runs_ms": [
      70.067822,
      65.34486000000001,
      66.530795,
      78.58732499999999,
      67.716341,
      72.787419,
      71.805378,
      66.920181,
      68.86883,
      70.474756
    ]
  },
  "resource_usage": [
    {
      "timestamp_ms": 1746108415079,
      "cpu_usage_percent": 5.133929,
      "memory_bytes": 3375525888
    },
    {
      "timestamp_ms": 1746108415287,
      "cpu_usage_percent": 6.0240965,
      "memory_bytes": 3375661056
    },
    {
      "timestamp_ms": 1746108415495,
      "cpu_usage_percent": 5.5690074,
      "memory_bytes": 3375661056
    },
    {
      "timestamp_ms": 1746108415703,
      "cpu_usage_percent": 4.7732697,
      "memory_bytes": 3344265216
    }
  ]
}