{
  "query_file": "/home/eden/GraduationProject/ember-sgm/resources/plan/ldbc-bi-2.json",
  "storage_type": "sqlite",
  "cache_size": 512,
  "num_runs": 10,
  "num_warmup": 1,
  "timing": {
    "min_ms": 68.623564,
    "max_ms": 75.205399,
    "avg_ms": 71.51145275000002,
    "all_runs_ms": [
      70.64679100000001,
      70.449544,
      68.623564,
      85.100995,
      72.704632,
      69.356145,
      67.90139400000001,
      75.205399,
      72.004943,
      73.100604
    ]
  },
  "resource_usage": [
    {
      "timestamp_ms": 1746118737450,
      "cpu_usage_percent": 4.824561,
      "memory_bytes": 3375525888
    },
    {
      "timestamp_ms": 1746118737656,
      "cpu_usage_percent": 5.6372547,
      "memory_bytes": 3375661056
    },
    {
      "timestamp_ms": 1746118737863,
      "cpu_usage_percent": 6.1904764,
      "memory_bytes": 3375661056
    },
    {
      "timestamp_ms": 1746118738069,
      "cpu_usage_percent": 5.6234717,
      "memory_bytes": 3344265216
    }
  ]
}