{
  "query_file": "/home/eden/GraduationProject/ember-sgm/resources/plan/ldbc-bi-20.json",
  "storage_type": "sqlite",
  "cache_size": 512,
  "num_runs": 10,
  "num_warmup": 1,
  "timing": {
    "min_ms": 23.323481,
    "max_ms": 28.038141,
    "avg_ms": 25.195957250000003,
    "all_runs_ms": [
      26.658846999999998,
      25.853202,
      23.323481,
      25.319645,
      24.686217,
      22.962114,
      28.374411,
      23.72331,
      28.038141,
      23.964815
    ]
  },
  "resource_usage": [
    {
      "timestamp_ms": 1746168630430,
      "cpu_usage_percent": 5.858586,
      "memory_bytes": 12011257856
    },
    {
      "timestamp_ms": 1746168630639,
      "cpu_usage_percent": 2.1479712,
      "memory_bytes": 11979862016
    }
  ]
}