{
  "query_file": "/home/eden/GraduationProject/ember-sgm/resources/plan/ldbc-bi-2.json",
  "storage_type": "sqlite",
  "cache_size": 512,
  "num_runs": 10,
  "num_warmup": 1,
  "timing": {
    "min_ms": 63.556259000000004,
    "max_ms": 75.077819,
    "avg_ms": 68.67991275,
    "all_runs_ms": [
      64.48783399999999,
      63.556259000000004,
      67.993421,
      69.912941,
      75.077819,
      71.37241399999999,
      59.182609,
      68.395804,
      94.680542,
      68.64281
    ]
  },
  "resource_usage": [
    {
      "timestamp_ms": 1746168602038,
      "cpu_usage_percent": 5.429864,
      "memory_bytes": 3375529984
    },
    {
      "timestamp_ms": 1746168602244,
      "cpu_usage_percent": 5.502393,
      "memory_bytes": 3375665152
    },
    {
      "timestamp_ms": 1746168602451,
      "cpu_usage_percent": 6.0386477,
      "memory_bytes": 3375665152
    },
    {
      "timestamp_ms": 1746168602657,
      "cpu_usage_percent": 4.166667,
      "memory_bytes": 3344269312
    }
  ]
}