{
  "query_file": "/home/eden/GraduationProject/ember-sgm/resources/plan/ldbc-bi-4.json",
  "storage_type": "sqlite",
  "cache_size": 512,
  "num_runs": 10,
  "num_warmup": 1,
  "timing": {
    "min_ms": 28.932865,
    "max_ms": 39.065618,
    "avg_ms": 32.793881999999996,
    "all_runs_ms": [
      41.590596,
      35.025774000000006,
      36.351451,
      31.663257,
      29.285353999999998,
      39.065618,
      31.778444000000004,
      28.932865,
      28.495410999999997,
      30.248293
    ]
  },
  "resource_usage": [
    {
      "timestamp_ms": 1746118740615,
      "cpu_usage_percent": 20.302378,
      "memory_bytes": 11073024000
    },
    {
      "timestamp_ms": 1746118740822,
      "cpu_usage_percent": 14.914424,
      "memory_bytes": 11043741696
    }
  ]
}