{
  "query_file": "/home/eden/GraduationProject/ember-sgm/resources/plan/ldbc-bi-4.json",
  "storage_type": "sqlite",
  "cache_size": 512,
  "num_runs": 10,
  "num_warmup": 1,
  "timing": {
    "min_ms": 31.654374999999998,
    "max_ms": 34.793886,
    "avg_ms": 32.622198999999995,
    "all_runs_ms": [
      34.793886,
      32.110822999999996,
      31.934708,
      34.018597,
      25.005846000000002,
      32.148160000000004,
      31.654374999999998,
      35.19999,
      32.657944,
      31.659099000000005
    ]
  },
  "resource_usage": [
    {
      "timestamp_ms": 1747228550721,
      "cpu_usage_percent": 14.255765,
      "memory_bytes": 5030309888
    },
    {
      "timestamp_ms": 1747228550928,
      "cpu_usage_percent": 11.138015,
      "memory_bytes": 4998914048
    }
  ]
}