{
  "query_file": "/home/eden/GraduationProject/ember-sgm/resources/plan/ldbc-bi-4.json",
  "storage_type": "sqlite",
  "cache_size": 512,
  "num_runs": 10,
  "num_warmup": 1,
  "timing": {
    "min_ms": 31.578066000000003,
    "max_ms": 37.262080000000005,
    "avg_ms": 34.634531125,
    "all_runs_ms": [
      35.827131,
      34.50884,
      37.265132,
      36.42348,
      37.262080000000005,
      31.578066000000003,
      31.451887999999997,
      34.07131699999999,
      33.95534,
      33.449995
    ]
  },
  "resource_usage": [
    {
      "timestamp_ms": 1746168604978,
      "cpu_usage_percent": 16.557735,
      "memory_bytes": 4833337344
    },
    {
      "timestamp_ms": 1746168605185,
      "cpu_usage_percent": 11.82266,
      "memory_bytes": 5286498304
    }
  ]
}