{
  "query_file": "/home/eden/GraduationProject/ember-sgm/resources/plan/ldbc-bi-4.json",
  "storage_type": "sqlite",
  "cache_size": 512,
  "num_runs": 10,
  "num_warmup": 1,
  "timing": {
    "min_ms": 33.179679,
    "max_ms": 40.238333000000004,
    "avg_ms": 37.00577825,
    "all_runs_ms": [
      37.898685,
      38.772231,
      36.773578,
      32.522306,
      40.238333000000004,
      35.840723999999994,
      33.179679,
      37.079694,
      36.263301999999996,
      40.635767
    ]
  },
  "resource_usage": [
    {
      "timestamp_ms": 1747228963396,
      "cpu_usage_percent": 15.750371,
      "memory_bytes": 5168918528
    },
    {
      "timestamp_ms": 1747228963601,
      "cpu_usage_percent": 6.8292685,
      "memory_bytes": 5137522688
    }
  ]
}