{
  "query_file": "/home/eden/GraduationProject/ember-sgm/resources/plan/ldbc-bi-8.json",
  "storage_type": "sqlite",
  "cache_size": 512,
  "num_runs": 10,
  "num_warmup": 1,
  "timing": {
    "min_ms": 40.77554,
    "max_ms": 50.646147,
    "avg_ms": 46.101263749999994,
    "all_runs_ms": [
      47.779773,
      50.646147,
      49.154098,
      50.013967,
      43.821161999999994,
      43.725621,
      40.107658,
      40.77554,
      55.251168,
      42.893802
    ]
  },
  "resource_usage": [
    {
      "timestamp_ms": 1746168617313,
      "cpu_usage_percent": 15.799614,
      "memory_bytes": 11782504448
    },
    {
      "timestamp_ms": 1746168617532,
      "cpu_usage_percent": 13.585745,
      "memory_bytes": 11782504448
    },
    {
      "timestamp_ms": 1746168617742,
      "cpu_usage_percent": 4.6228714,
      "memory_bytes": 11751108608
    }
  ]
}