{
  "query_file": "/home/eden/GraduationProject/ember-sgm/resources/plan/ldbc-bi-8.json",
  "storage_type": "sqlite",
  "cache_size": 512,
  "num_runs": 10,
  "num_warmup": 1,
  "timing": {
    "min_ms": 42.946077,
    "max_ms": 52.867608000000004,
    "avg_ms": 47.193756625000006,
    "all_runs_ms": [
      57.058868,
      48.819193,
      47.123687,
      49.496275,
      45.325046,
      52.867608000000004,
      45.307855,
      42.670828,
      45.664311999999995,
      42.946077
    ]
  },
  "resource_usage": [
    {
      "timestamp_ms": 1747228560447,
      "cpu_usage_percent": 15.0105715,
      "memory_bytes": 11908132864
    },
    {
      "timestamp_ms": 1747228560658,
      "cpu_usage_percent": 14.726842,
      "memory_bytes": 11908132864
    },
    {
      "timestamp_ms": 1747228560868,
      "cpu_usage_percent": 5.450237,
      "memory_bytes": 11876737024
    }
  ]
}