{
  "query_file": "/home/eden/GraduationProject/ember-sgm/resources/plan/ldbc-bi-8.json",
  "storage_type": "sqlite",
  "cache_size": 512,
  "num_runs": 10,
  "num_warmup": 1,
  "timing": {
    "min_ms": 40.232988999999996,
    "max_ms": 51.8458,
    "avg_ms": 46.371631,
    "all_runs_ms": [
      52.415809,
      49.667174,
      46.980464,
      45.737215,
      44.840972,
      46.199307000000005,
      40.232988999999996,
      40.144378,
      51.8458,
      45.469127
    ]
  },
  "resource_usage": [
    {
      "timestamp_ms": 1746118753767,
      "cpu_usage_percent": 15.230459,
      "memory_bytes": 11981197312
    },
    {
      "timestamp_ms": 1746118753983,
      "cpu_usage_percent": 15.533979,
      "memory_bytes": 11981197312
    },
    {
      "timestamp_ms": 1746118754193,
      "cpu_usage_percent": 3.521127,
      "memory_bytes": 11949801472
    }
  ]
}