{
  "query_file": "/home/eden/GraduationProject/ember-sgm/resources/plan/ldbc-bi-8.json",
  "storage_type": "sqlite",
  "cache_size": 512,
  "num_runs": 10,
  "num_warmup": 1,
  "timing": {
    "min_ms": 44.69579,
    "max_ms": 50.22907,
    "avg_ms": 48.06272025,
    "all_runs_ms": [
      56.558907999999995,
      46.602498,
      43.400622,
      49.769261,
      46.136887,
      49.867429,
      48.363741000000005,
      50.22907,
      44.69579,
      48.837086
    ]
  },
  "resource_usage": [
    {
      "timestamp_ms": 1747228973568,
      "cpu_usage_percent": 13.267326,
      "memory_bytes": 11650072576
    },
    {
      "timestamp_ms": 1747228973778,
      "cpu_usage_percent": 12.926829,
      "memory_bytes": 11650072576
    },
    {
      "timestamp_ms": 1747228973986,
      "cpu_usage_percent": 6.088993,
      "memory_bytes": 11618676736
    }
  ]
}