{
  "query_file": "/home/eden/GraduationProject/ember-sgm/resources/plan/ldbc-bi-9.json",
  "storage_type": "sqlite",
  "cache_size": 512,
  "num_runs": 10,
  "num_warmup": 1,
  "timing": {
    "min_ms": 15.389676,
    "max_ms": 19.839472,
    "avg_ms": 16.934025374999997,
    "all_runs_ms": [
      20.348933,
      19.839472,
      17.934737,
      17.026719999999997,
      15.952896,
      16.552753,
      15.360923,
      15.389676,
      16.212722,
      16.563227
    ]
  },
  "resource_usage": [
    {
      "timestamp_ms": 1746168617991,
      "cpu_usage_percent": 3.6734695,
      "memory_bytes": 11757449216
    }
  ]
}