{
  "query_file": "/home/eden/GraduationProject/ember-sgm/resources/plan/ldbc-bi-9.json",
  "storage_type": "sqlite",
  "cache_size": 512,
  "num_runs": 10,
  "num_warmup": 1,
  "timing": {
    "min_ms": 19.641118,
    "max_ms": 22.419064,
    "avg_ms": 20.83392,
    "all_runs_ms": [
      20.344576,
      20.892422,
      20.796039,
      20.227183,
      19.641118,
      19.428866,
      23.858787,
      22.419064,
      21.419486000000003,
      20.931472
    ]
  },
  "resource_usage": [
    {
      "timestamp_ms": 1747228974228,
      "cpu_usage_percent": 4.651163,
      "memory_bytes": 11625017344
    },
    {
      "timestamp_ms": 1747228974436,
      "cpu_usage_percent": 0.23866348,
      "memory_bytes": 11625017344
    }
  ]
}