{
  "query_file": "/home/eden/GraduationProject/ember-sgm/resources/plan/ldbc-bi-9.json",
  "storage_type": "sqlite",
  "cache_size": 512,
  "num_runs": 10,
  "num_warmup": 1,
  "timing": {
    "min_ms": 17.936049999999998,
    "max_ms": 20.160951999999998,
    "avg_ms": 19.0735675,
    "all_runs_ms": [
      20.838708,
      19.324283,
      19.587062,
      17.904296,
      19.467866,
      17.936049999999998,
      18.879900000000003,
      18.521279,
      20.160951999999998,
      18.711148
    ]
  },
  "resource_usage": [
    {
      "timestamp_ms": 1746118754445,
      "cpu_usage_percent": 4.65587,
      "memory_bytes": 11956142080
    }
  ]
}