{
  "query_file": "/home/eden/GraduationProject/ember-sgm/resources/plan/ldbc-bi-9.json",
  "storage_type": "sqlite",
  "cache_size": 512,
  "num_runs": 10,
  "num_warmup": 1,
  "timing": {
    "min_ms": 16.898208,
    "max_ms": 20.430539,
    "avg_ms": 18.617181125000002,
    "all_runs_ms": [
      19.074778000000002,
      16.582003,
      17.896326000000002,
      19.330303999999998,
      20.430539,
      22.743875,
      18.485632,
      17.615137,
      19.206525,
      16.898208
    ]
  },
  "resource_usage": [
    {
      "timestamp_ms": 1746695324325,
      "cpu_usage_percent": 4.7916665,
      "memory_bytes": 11622559744
    }
  ]
}