{
  "query_file": "/home/eden/GraduationProject/ember-sgm/resources/plan/ldbc-bi-9.json",
  "storage_type": "sqlite",
  "cache_size": 512,
  "num_runs": 10,
  "num_warmup": 1,
  "timing": {
    "min_ms": 18.239201,
    "max_ms": 23.613189,
    "avg_ms": 20.1175425,
    "all_runs_ms": [
      23.613189,
      19.446813,
      18.702406,
      18.239201,
      21.652464,
      18.808472,
      24.255166000000003,
      19.75722,
      18.062475000000003,
      20.720575
    ]
  },
  "resource_usage": [
    {
      "timestamp_ms": 1747228561125,
      "cpu_usage_percent": 4.150198,
      "memory_bytes": 11883077632
    }
  ]
}