{
  "query_file": "/home/eden/GraduationProject/ember-sgm/resources/plan/unoptimized/ldbc-bi-12.json",
  "storage_type": "sqlite",
  "cache_size": 512,
  "num_runs": 10,
  "num_warmup": 1,
  "timing": {
    "min_ms": 19.538473,
    "max_ms": 23.489753,
    "avg_ms": 21.705795,
    "all_runs_ms": [
      23.489753,
      20.856296999999998,
      22.688132,
      20.096655000000002,
      24.255506,
      22.887663,
      21.99543,
      19.538473,
      18.603361,
      22.093957
    ]
  },
  "resource_usage": [
    {
      "timestamp_ms": 1747684411083,
      "cpu_usage_percent": 8.024691,
      "memory_bytes": 11916599296
    },
    {
      "timestamp_ms": 1747684411294,
      "cpu_usage_percent": 0.23640661,
      "memory_bytes": 11885203456
    }
  ]
}