{
  "query_file": "/home/eden/GraduationProject/ember-sgm/resources/plan/unoptimized/ldbc-bi-18.json",
  "storage_type": "sqlite",
  "cache_size": 512,
  "num_runs": 10,
  "num_warmup": 1,
  "timing": {
    "min_ms": 28.516979000000003,
    "max_ms": 37.619911,
    "avg_ms": 32.964117875,
    "all_runs_ms": [
      28.180594,
      31.565084,
      38.708698,
      34.625791,
      34.625506,
      37.619911,
      30.33297,
      33.839692,
      32.58701,
      28.516979000000003
    ]
  },
  "resource_usage": [
    {
      "timestamp_ms": 1747684420912,
      "cpu_usage_percent": 7.024793,
      "memory_bytes": 12013821952
    },
    {
      "timestamp_ms": 1747684421125,
      "cpu_usage_percent": 4.418605,
      "memory_bytes": 11982426112
    }
  ]
}