{
  "query_file": "/home/eden/GraduationProject/ember-sgm/resources/plan/unoptimized/neo4j_ordered/ldbc-bi-11.json",
  "storage_type": "sqlite",
  "cache_size": 512,
  "num_runs": 10,
  "num_warmup": 1,
  "timing": {
    "min_ms": 19.429132000000003,
    "max_ms": 22.368901,
    "avg_ms": 21.1883445,
    "all_runs_ms": [
      28.450751999999998,
      21.46965,
      21.073356,
      18.639104,
      19.429132000000003,
      19.797421,
      21.702517,
      22.368901,
      21.966845,
      21.698934
    ]
  },
  "resource_usage": [
    {
      "timestamp_ms": 1747721448688,
      "cpu_usage_percent": 21.875,
      "memory_bytes": 11944644608
    }
  ]
}