{
  "query_file": "/home/eden/GraduationProject/ember-sgm/resources/plan/unoptimized/ldbc-bi-16.json",
  "storage_type": "sqlite",
  "cache_size": 512,
  "num_runs": 10,
  "num_warmup": 1,
  "timing": {
    "min_ms": 50.252564,
    "max_ms": 58.399641,
    "avg_ms": 53.406417375000004,
    "all_runs_ms": [
      63.856867,
      58.399641,
      55.432186,
      52.958865,
      50.877878,
      50.252564,
      49.330807,
      52.157337999999996,
      51.253113000000006,
      55.919754000000005
    ]
  },
  "resource_usage": [
    {
      "timestamp_ms": 1747721455115,
      "cpu_usage_percent": 14.877589,
      "memory_bytes": 12004528128
    },
    {
      "timestamp_ms": 1747721455327,
      "cpu_usage_percent": 13.064133,
      "memory_bytes": 12004528128
    },
    {
      "timestamp_ms": 1747721455538,
      "cpu_usage_percent": 10.8910885,
      "memory_bytes": 11973132288
    }
  ]
}