{
  "query_file": "/home/eden/GraduationProject/ember-sgm/resources/plan/unoptimized/ldbc-bi-19.json",
  "storage_type": "sqlite",
  "cache_size": 512,
  "num_runs": 10,
  "num_warmup": 1,
  "timing": {
    "min_ms": 37.545779,
    "max_ms": 48.336212,
    "avg_ms": 42.394338874999995,
    "all_runs_ms": [
      37.545779,
      39.589523,
      48.336212,
      49.81158,
      40.545771,
      44.058780999999996,
      37.113694,
      44.527479,
      41.64524,
      42.905925999999994
    ]
  },
  "resource_usage": [
    {
      "timestamp_ms": 1747684421377,
      "cpu_usage_percent": 7.9591837,
      "memory_bytes": 12020162560
    },
    {
      "timestamp_ms": 1747684421590,
      "cpu_usage_percent": 9.478673,
      "memory_bytes": 12020162560
    },
    {
      "timestamp_ms": 1747684421801,
      "cpu_usage_percent": 0.7092199,
      "memory_bytes": 11988766720
    }
  ]
}