{
  "query_file": "/home/eden/GraduationProject/ember-sgm/resources/plan/unoptimized/ldbc-bi-18.json",
  "storage_type": "sqlite",
  "cache_size": 512,
  "num_runs": 10,
  "num_warmup": 1,
  "timing": {
    "min_ms": 16.153616,
    "max_ms": 19.258432,
    "avg_ms": 17.696970500000003,
    "all_runs_ms": [
      17.918947,
      18.614663,
      16.647664,
      19.258432,
      19.990833,
      17.197172000000002,
      17.706811,
      18.078459000000002,
      15.890156,
      16.153616
    ]
  },
  "resource_usage": [
    {
      "timestamp_ms": 1747721457126,
      "cpu_usage_percent": 3.6290326,
      "memory_bytes": 11985813504
    }
  ]
}