{
  "query_file": "/home/eden/GraduationProject/ember-sgm/resources/plan/unoptimized/ldbc-bi-16.json",
  "storage_type": "sqlite",
  "cache_size": 512,
  "num_runs": 10,
  "num_warmup": 1,
  "timing": {
    "min_ms": 45.708042,
    "max_ms": 55.317305999999995,
    "avg_ms": 49.903502124999996,
    "all_runs_ms": [
      55.317305999999995,
      52.932885999999996,
      46.545741,
      45.708042,
      48.249003,
      42.452087999999996,
      47.99405,
      47.511810000000004,
      54.969179,
      55.334027
    ]
  },
  "resource_usage": [
    {
      "timestamp_ms": 1747684416999,
      "cpu_usage_percent": 17.336153,
      "memory_bytes": 12001140736
    },
    {
      "timestamp_ms": 1747684417211,
      "cpu_usage_percent": 13.580248,
      "memory_bytes": 12001140736
    },
    {
      "timestamp_ms": 1747684417423,
      "cpu_usage_percent": 8.037825,
      "memory_bytes": 11969744896
    }
  ]
}