{
  "query_file": "/home/eden/GraduationProject/ember-sgm/resources/plan/unoptimized/ldbc-bi-1.json",
  "storage_type": "sqlite",
  "cache_size": 512,
  "num_runs": 10,
  "num_warmup": 1,
  "timing": {
    "min_ms": 9.049881,
    "max_ms": 11.087123,
    "avg_ms": 9.91049475,
    "all_runs_ms": [
      9.184703,
      9.887118000000001,
      9.011768,
      9.049881,
      9.287241999999999,
      9.746796,
      10.269397,
      11.225512,
      11.087123,
      10.771697999999999
    ]
  },
  "resource_usage": []
}