{
  "query_file": "/home/eden/GraduationProject/ember-sgm/resources/plan/unoptimized/ldbc-bi-19.json",
  "storage_type": "sqlite",
  "cache_size": 512,
  "num_runs": 10,
  "num_warmup": 1,
  "timing": {
    "min_ms": 8.49339,
    "max_ms": 9.908825,
    "avg_ms": 9.244869375,
    "all_runs_ms": [
      9.785794000000001,
      8.688327,
      8.49339,
      8.957311,
      8.308093000000001,
      9.197201,
      9.125859,
      9.908825,
      10.044481,
      9.802247999999999
    ]
  },
  "resource_usage": [
    {
      "timestamp_ms": 1747721457372,
      "cpu_usage_percent": 1.8255577,
      "memory_bytes": 11992154112
    }
  ]
}