{
  "query_file": "/home/eden/GraduationProject/ember-sgm/resources/plan/unoptimized/ldbc-bi-12.json",
  "storage_type": "sqlite",
  "cache_size": 512,
  "num_runs": 10,
  "num_warmup": 1,
  "timing": {
    "min_ms": 21.269499,
    "max_ms": 35.803761,
    "avg_ms": 26.4488995,
    "all_runs_ms": [
      47.253235,
      35.803761,
      32.347083,
      26.93489,
      25.359221,
      24.149304,
      21.269499,
      22.288821,
      23.438616999999997,
      20.875801
    ]
  },
  "resource_usage": [
    {
      "timestamp_ms": 1747721448979,
      "cpu_usage_percent": 7.2202163,
      "memory_bytes": 11982381056
    },
    {
      "timestamp_ms": 1747721449190,
      "cpu_usage_percent": 3.1325302,
      "memory_bytes": 11950985216
    }
  ]
}