{
  "query_file": "/home/eden/GraduationProject/ember-sgm/resources/plan/unoptimized/ldbc-bi-13.json",
  "storage_type": "sqlite",
  "cache_size": 512,
  "num_runs": 10,
  "num_warmup": 1,
  "timing": {
    "min_ms": 46.543388,
    "max_ms": 49.439689,
    "avg_ms": 47.715574874999994,
    "all_runs_ms": [
      49.439689,
      48.085159000000004,
      47.463233,
      47.801915,
      47.802972,
      46.543388,
      47.167967,
      50.454516999999996,
      47.420275999999994,
      43.210099
    ]
  },
  "resource_usage": [
    {
      "timestamp_ms": 1747721449445,
      "cpu_usage_percent": 13.02521,
      "memory_bytes": 11988721664
    },
    {
      "timestamp_ms": 1747721449658,
      "cpu_usage_percent": 14.987714,
      "memory_bytes": 11988721664
    },
    {
      "timestamp_ms": 1747721449869,
      "cpu_usage_percent": 4.5893717,
      "memory_bytes": 11957325824
    }
  ]
}