{
  "query_file": "/home/eden/GraduationProject/ember-sgm/resources/plan/unoptimized/ldbc-bi-1.json",
  "storage_type": "sqlite",
  "cache_size": 512,
  "num_runs": 10,
  "num_warmup": 1,
  "timing": {
    "min_ms": 8.232834,
    "max_ms": 9.426968,
    "avg_ms": 8.8509905,
    "all_runs_ms": [
      9.180437,
      9.041047,
      8.906944,
      8.337620000000001,
      7.846219,
      8.709658000000001,
      9.426968,
      8.232834,
      8.972416,
      9.783574
    ]
  },
  "resource_usage": []
}