{
  "query_file": "/home/eden/GraduationProject/ember-sgm/resources/plan/unoptimized/ldbc-bi-20.json",
  "storage_type": "sqlite",
  "cache_size": 512,
  "num_runs": 10,
  "num_warmup": 1,
  "timing": {
    "min_ms": 21.838849,
    "max_ms": 27.914356,
    "avg_ms": 24.529871125,
    "all_runs_ms": [
      26.483698,
      23.112733,
      21.784464,
      21.838849,
      22.572664999999997,
      29.700507,
      25.451866,
      25.834572,
      27.914356,
      23.03023
    ]
  },
  "resource_usage": [
    {
      "timestamp_ms": 1747684422058,
      "cpu_usage_percent": 4.8,
      "memory_bytes": 12026503168
    },
    {
      "timestamp_ms": 1747684422270,
      "cpu_usage_percent": 0.9478673,
      "memory_bytes": 11995070464
    }
  ]
}