{
  "query_file": "/home/eden/GraduationProject/ember-sgm/resources/plan/unoptimized/ldbc-bi-20.json",
  "storage_type": "sqlite",
  "cache_size": 512,
  "num_runs": 10,
  "num_warmup": 1,
  "timing": {
    "min_ms": 5.983674,
    "max_ms": 6.459564,
    "avg_ms": 6.23281875,
    "all_runs_ms": [
      6.3934869999999995,
      6.5650379999999995,
      5.748459,
      6.459564,
      6.366308999999999,
      6.081180000000001,
      6.1010279999999995,
      5.983674,
      6.348775,
      6.128533
    ]
  },
  "resource_usage": [
    {
      "timestamp_ms": 1747721457621,
      "cpu_usage_percent": 1.2320329,
      "memory_bytes": 11998494720
    }
  ]
}