{
  "query_file": "/home/eden/GraduationProject/ember-sgm/resources/plan/unoptimized/ldbc-bi-2.json",
  "storage_type": "sqlite",
  "cache_size": 512,
  "num_runs": 10,
  "num_warmup": 1,
  "timing": {
    "min_ms": 58.64488,
    "max_ms": 71.052769,
    "avg_ms": 65.742925375,
    "all_runs_ms": [
      63.851555000000005,
      62.61354500000001,
      68.140772,
      71.052769,
      58.558534,
      69.251277,
      67.430642,
      58.64488,
      73.035355,
      64.95796299999999
    ]
  },
  "resource_usage": [
    {
      "timestamp_ms": 1747721429065,
      "cpu_usage_percent": 4.7404065,
      "memory_bytes": 3366711296
    },
    {
      "timestamp_ms": 1747721429271,
      "cpu_usage_percent": 5.121951,
      "memory_bytes": 3366711296
    },
    {
      "timestamp_ms": 1747721429477,
      "cpu_usage_percent": 4.842615,
      "memory_bytes": 3366711296
    },
    {
      "timestamp_ms": 1747721429682,
      "cpu_usage_percent": 2.905569,
      "memory_bytes": 3335315456
    }
  ]
}