{
  "query_file": "/home/eden/GraduationProject/ember-sgm/resources/plan/unoptimized/ldbc-bi-2.json",
  "storage_type": "sqlite",
  "cache_size": 512,
  "num_runs": 10,
  "num_warmup": 1,
  "timing": {
    "min_ms": 53.226673000000005,
    "max_ms": 62.152791,
    "avg_ms": 56.92257024999999,
    "all_runs_ms": [
      60.507593,
      62.152791,
      53.807449,
      57.546509,
      55.414796,
      53.616628999999996,
      53.226673000000005,
      52.120564,
      59.108122,
      63.230757999999994
    ]
  },
  "resource_usage": [
    {
      "timestamp_ms": 1747684392500,
      "cpu_usage_percent": 4.464286,
      "memory_bytes": 3366703104
    },
    {
      "timestamp_ms": 1747684392705,
      "cpu_usage_percent": 5.1344743,
      "memory_bytes": 3366703104
    },
    {
      "timestamp_ms": 1747684392910,
      "cpu_usage_percent": 5.097087,
      "memory_bytes": 3366703104
    },
    {
      "timestamp_ms": 1747684393116,
      "cpu_usage_percent": 0.24271843,
      "memory_bytes": 3335307264
    }
  ]
}