{
  "query_file": "/home/eden/GraduationProject/ember-sgm/resources/plan/unoptimized/neo4j_ordered/ldbc-bi-3.json",
  "storage_type": "sqlite",
  "cache_size": 512,
  "num_runs": 10,
  "num_warmup": 1,
  "timing": {
    "min_ms": 6.824262999999999,
    "max_ms": 8.418365000000001,
    "avg_ms": 7.2539065,
    "all_runs_ms": [
      6.413644,
      8.437206,
      8.418365000000001,
      7.172261,
      6.904378,
      7.38124,
      6.824262999999999,
      6.9271080000000005,
      7.107437,
      7.2962
    ]
  },
  "resource_usage": [
    {
      "timestamp_ms": 1747721429903,
      "cpu_usage_percent": 2.0642202,
      "memory_bytes": 3612205056
    }
  ]
}