{
  "query_file": "/home/eden/GraduationProject/ember-sgm/resources/plan/unoptimized/ldbc-bi-4.json",
  "storage_type": "sqlite",
  "cache_size": 512,
  "num_runs": 10,
  "num_warmup": 1,
  "timing": {
    "min_ms": 27.231906,
    "max_ms": 33.727549,
    "avg_ms": 30.140749875,
    "all_runs_ms": [
      33.727549,
      27.843097,
      35.122026,
      31.445523,
      27.231906,
      31.261461999999998,
      28.290059,
      30.953712000000003,
      30.372691,
      26.697547
    ]
  },
  "resource_usage": [
    {
      "timestamp_ms": 1747684395203,
      "cpu_usage_percent": 18.552036,
      "memory_bytes": 5030223872
    },
    {
      "timestamp_ms": 1747684395410,
      "cpu_usage_percent": 9.8795185,
      "memory_bytes": 4998828032
    }
  ]
}