{
  "query_file": "/home/eden/GraduationProject/ember-sgm/resources/plan/unoptimized/ldbc-bi-4.json",
  "storage_type": "sqlite",
  "cache_size": 512,
  "num_runs": 10,
  "num_warmup": 1,
  "timing": {
    "min_ms": 32.412503,
    "max_ms": 40.228463999999995,
    "avg_ms": 35.363005375,
    "all_runs_ms": [
      40.228463999999995,
      35.812809,
      49.031969000000004,
      37.401312,
      32.408916000000005,
      32.914556,
      32.412503,
      33.360644,
      36.645624000000005,
      34.128130999999996
    ]
  },
  "resource_usage": [
    {
      "timestamp_ms": 1747721430133,
      "cpu_usage_percent": 19.34066,
      "memory_bytes": 4820381696
    },
    {
      "timestamp_ms": 1747721430339,
      "cpu_usage_percent": 16.10577,
      "memory_bytes": 4788985856
    }
  ]
}