{
  "query_file": "/home/eden/GraduationProject/ember-sgm/resources/plan/unoptimized/ldbc-bi-8.json",
  "storage_type": "sqlite",
  "cache_size": 512,
  "num_runs": 10,
  "num_warmup": 1,
  "timing": {
    "min_ms": 45.006454,
    "max_ms": 54.837588,
    "avg_ms": 48.956171624999996,
    "all_runs_ms": [
      58.627666000000005,
      47.567397,
      54.837588,
      43.434231,
      50.805035,
      46.805303,
      46.731846,
      45.006454,
      52.795792,
      47.099958
    ]
  },
  "resource_usage": [
    {
      "timestamp_ms": 1747721445048,
      "cpu_usage_percent": 15.918367,
      "memory_bytes": 11833331712
    },
    {
      "timestamp_ms": 1747721445260,
      "cpu_usage_percent": 13.657408,
      "memory_bytes": 11833331712
    },
    {
      "timestamp_ms": 1747721445469,
      "cpu_usage_percent": 7.211539,
      "memory_bytes": 11801935872
    }
  ]
}