{
  "query_file": "/home/eden/GraduationProject/ember-sgm/resources/plan/unoptimized/ldbc-bi-9.json",
  "storage_type": "sqlite",
  "cache_size": 512,
  "num_runs": 10,
  "num_warmup": 1,
  "timing": {
    "min_ms": 18.607821,
    "max_ms": 22.235425,
    "avg_ms": 19.938402500000002,
    "all_runs_ms": [
      21.009408,
      19.327805,
      18.628094,
      22.417974,
      22.235425,
      20.409317,
      19.728221,
      18.607821,
      19.561129,
      16.972012000000003
    ]
  },
  "resource_usage": [
    {
      "timestamp_ms": 1747684406057,
      "cpu_usage_percent": 4.1580043,
      "memory_bytes": 11664482304
    }
  ]
}