{
  "query_file": "/home/eden/GraduationProject/ember-sgm/resources/plan/unoptimized/ldbc-bi-9.json",
  "storage_type": "sqlite",
  "cache_size": 512,
  "num_runs": 10,
  "num_warmup": 1,
  "timing": {
    "min_ms": 21.448458,
    "max_ms": 24.363165,
    "avg_ms": 23.0804955,
    "all_runs_ms": [
      24.363165,
      22.929847,
      23.827709,
      22.992789,
      22.858844,
      21.448458,
      21.909506,
      24.313646000000002,
      25.168315,
      21.023205
    ]
  },
  "resource_usage": [
    {
      "timestamp_ms": 1747721445714,
      "cpu_usage_percent": 4.5360823,
      "memory_bytes": 11808276480
    },
    {
      "timestamp_ms": 1747721445923,
      "cpu_usage_percent": 0.71428573,
      "memory_bytes": 11808276480
    }
  ]
}