{
  "query_file": "/home/eden/GraduationProject/ember-sgm/resources/plan/ldbc-bi-18.json",
  "storage_type": "sqlite",
  "cache_size": 512,
  "num_runs": 10,
  "num_warmup": 1,
  "timing": {
    "min_ms": 30.821708,
    "max_ms": 34.561858,
    "avg_ms": 32.784315625000005,
    "all_runs_ms": [
      34.561858,
      33.0315,
      32.772159,
      33.705557999999996,
      30.821708,
      31.444668000000004,
      35.932691000000005,
      34.406279999999995,
      31.530794,
      29.813475
    ]
  },
  "resource_usage": [
    {
      "timestamp_ms": 1747719887179,
      "cpu_usage_percent": 7.1428576,
      "memory_bytes": 11993231360
    },
    {
      "timestamp_ms": 1747719887389,
      "cpu_usage_percent": 5.2380953,
      "memory_bytes": 11961835520
    }
  ]
}