{
  "query_file": "/home/eden/GraduationProject/ember-sgm/resources/plan/ldbc-bi-12.json",
  "storage_type": "sqlite",
  "cache_size": 512,
  "num_runs": 10,
  "num_warmup": 1,
  "timing": {
    "min_ms": 22.572264,
    "max_ms": 25.230364,
    "avg_ms": 23.490050625,
    "all_runs_ms": [
      28.533145,
      24.062787,
      25.230364,
      22.627995000000002,
      22.747469,
      22.319591,
      22.744239999999998,
      25.126185999999997,
      22.572264,
      22.809099999999997
    ]
  },
  "resource_usage": [
    {
      "timestamp_ms": 1747719876728,
      "cpu_usage_percent": 7.5901327,
      "memory_bytes": 11993157632
    },
    {
      "timestamp_ms": 1747719876937,
      "cpu_usage_percent": 1.4354067,
      "memory_bytes": 11961761792
    }
  ]
}