{
  "query_file": "/home/eden/GraduationProject/ember-sgm/resources/plan/ldbc-bi-16.json",
  "storage_type": "sqlite",
  "cache_size": 512,
  "num_runs": 10,
  "num_warmup": 1,
  "timing": {
    "min_ms": 49.278532999999996,
    "max_ms": 56.586187,
    "avg_ms": 53.28837125,
    "all_runs_ms": [
      62.072615,
      56.586187,
      54.979614000000005,
      53.215091,
      55.386503,
      49.043063999999994,
      52.529908,
      49.278532999999996,
      53.115041000000005,
      51.216093
    ]
  },
  "resource_usage": [
    {
      "timestamp_ms": 1747719882981,
      "cpu_usage_percent": 17.107944,
      "memory_bytes": 11993268224
    },
    {
      "timestamp_ms": 1747719883193,
      "cpu_usage_percent": 14.320387,
      "memory_bytes": 11993268224
    },
    {
      "timestamp_ms": 1747719883405,
      "cpu_usage_percent": 10.096154,
      "memory_bytes": 11961872384
    }
  ]
}