{
  "query_file": "/home/eden/GraduationProject/ember-sgm/resources/plan/ldbc-bi-20.json",
  "storage_type": "sqlite",
  "cache_size": 512,
  "num_runs": 10,
  "num_warmup": 1,
  "timing": {
    "min_ms": 25.868503,
    "max_ms": 28.861614,
    "avg_ms": 27.5822415,
    "all_runs_ms": [
      27.942868999999998,
      28.861614,
      28.358176,
      28.405708,
      25.868503,
      27.30624,
      27.249925,
      25.170702,
      26.664897,
      29.023175
    ]
  },
  "resource_usage": [
    {
      "timestamp_ms": 1747719888313,
      "cpu_usage_percent": 5.0403223,
      "memory_bytes": 11993305088
    },
    {
      "timestamp_ms": 1747719888524,
      "cpu_usage_percent": 2.3584905,
      "memory_bytes": 11961909248
    }
  ]
}