{
  "query_file": "/home/eden/GraduationProject/ember-sgm/resources/plan/ldbc-bi-4.json",
  "storage_type": "sqlite",
  "cache_size": 512,
  "num_runs": 10,
  "num_warmup": 1,
  "timing": {
    "min_ms": 29.669098,
    "max_ms": 37.557306,
    "avg_ms": 33.873452125,
    "all_runs_ms": [
      41.096352,
      37.557306,
      34.08013,
      34.085251,
      35.589105,
      32.630674,
      35.300244,
      29.669098,
      32.075809,
      27.901156999999998
    ]
  },
  "resource_usage": [
    {
      "timestamp_ms": 1747719843237,
      "cpu_usage_percent": 16.297787,
      "memory_bytes": 11824291840
    },
    {
      "timestamp_ms": 1747719843447,
      "cpu_usage_percent": 11.720699,
      "memory_bytes": 11792896000
    }
  ]
}