{
  "query_file": "/home/eden/GraduationProject/ember-sgm/resources/plan/ldbc-bi-8.json",
  "storage_type": "sqlite",
  "cache_size": 512,
  "num_runs": 10,
  "num_warmup": 1,
  "timing": {
    "min_ms": 45.203694000000006,
    "max_ms": 54.58578,
    "avg_ms": 49.20053825,
    "all_runs_ms": [
      54.58578,
      46.201597,
      44.230519,
      50.897058,
      46.052929,
      48.057053,
      45.203694000000006,
      51.755288,
      64.373099,
      50.850907
    ]
  },
  "resource_usage": [
    {
      "timestamp_ms": 1747719854153,
      "cpu_usage_percent": 16.699411,
      "memory_bytes": 11959382016
    },
    {
      "timestamp_ms": 1747719854371,
      "cpu_usage_percent": 13.023256,
      "memory_bytes": 11959382016
    },
    {
      "timestamp_ms": 1747719854582,
      "cpu_usage_percent": 7.175926,
      "memory_bytes": 11927986176
    }
  ]
}