{
  "query_file": "/home/eden/GraduationProject/ember-sgm/resources/plan/ldbc-bi-12.json",
  "storage_type": "sqlite",
  "cache_size": 512,
  "num_runs": 10,
  "num_warmup": 1,
  "timing": {
    "min_ms": 19.198495,
    "max_ms": 24.936687,
    "avg_ms": 21.605291,
    "all_runs_ms": [
      27.917918,
      24.936687,
      21.620200999999998,
      23.67133,
      19.77178,
      19.198495,
      21.94541,
      20.009248,
      18.207441000000003,
      21.689177
    ]
  },
  "resource_usage": [
    {
      "timestamp_ms": 1746695328829,
      "cpu_usage_percent": 8.835341,
      "memory_bytes": 11992121344
    },
    {
      "timestamp_ms": 1746695329039,
      "cpu_usage_percent": 0.47619048,
      "memory_bytes": 11960725504
    }
  ]
}