{
  "query_file": "/home/eden/GraduationProject/ember-sgm/resources/plan/ldbc-bi-12.json",
  "storage_type": "sqlite",
  "cache_size": 512,
  "num_runs": 10,
  "num_warmup": 1,
  "timing": {
    "min_ms": 21.200791,
    "max_ms": 22.966382,
    "avg_ms": 21.911422125,
    "all_runs_ms": [
      27.356245,
      22.966382,
      21.847582,
      22.415519,
      22.148749,
      21.472098,
      21.450055,
      21.790201,
      21.200791,
      19.624762
    ]
  },
  "resource_usage": [
    {
      "timestamp_ms": 1747714483676,
      "cpu_usage_percent": 9.163346,
      "memory_bytes": 11939008512
    },
    {
      "timestamp_ms": 1747714483885,
      "cpu_usage_percent": 0.4784689,
      "memory_bytes": 11907612672
    }
  ]
}