{
  "query_file": "/home/eden/GraduationProject/ember-sgm/resources/plan/ldbc-bi-19.json",
  "storage_type": "sqlite",
  "cache_size": 512,
  "num_runs": 10,
  "num_warmup": 1,
  "timing": {
    "min_ms": 40.614162,
    "max_ms": 58.089477,
    "avg_ms": 44.2852075,
    "all_runs_ms": [
      40.870389,
      40.614162,
      47.020009,
      43.435848,
      40.883862,
      42.238469,
      41.129444,
      40.295607,
      60.897514,
      58.089477
    ]
  },
  "resource_usage": [
    {
      "timestamp_ms": 1747714493486,
      "cpu_usage_percent": 8.906882,
      "memory_bytes": 12016177152
    },
    {
      "timestamp_ms": 1747714493700,
      "cpu_usage_percent": 9.523809,
      "memory_bytes": 12016177152
    },
    {
      "timestamp_ms": 1747714493910,
      "cpu_usage_percent": 2.3980813,
      "memory_bytes": 11984781312
    }
  ]
}