{
  "query_file": "/home/eden/GraduationProject/ember-sgm/resources/plan/ldbc-bi-13.json",
  "storage_type": "sqlite",
  "cache_size": 512,
  "num_runs": 10,
  "num_warmup": 1,
  "timing": {
    "min_ms": 40.261402000000004,
    "max_ms": 45.443097,
    "avg_ms": 42.8277325,
    "all_runs_ms": [
      44.53911,
      42.838502,
      39.627586,
      46.288941,
      44.716363,
      45.443097,
      41.475344,
      40.668791000000006,
      40.261402000000004,
      42.679251
    ]
  },
  "resource_usage": [
    {
      "timestamp_ms": 1747714484143,
      "cpu_usage_percent": 15.132924,
      "memory_bytes": 11945349120
    },
    {
      "timestamp_ms": 1747714484355,
      "cpu_usage_percent": 17.056076,
      "memory_bytes": 11945349120
    },
    {
      "timestamp_ms": 1747714484564,
      "cpu_usage_percent": 1.6666667,
      "memory_bytes": 11913953280
    }
  ]
}