{
  "query_file": "/home/eden/GraduationProject/ember-sgm/resources/plan/ldbc-bi-1.json",
  "storage_type": "sqlite",
  "cache_size": 512,
  "num_runs": 10,
  "num_warmup": 1,
  "timing": {
    "min_ms": 10.661437,
    "max_ms": 11.832626000000001,
    "avg_ms": 11.062893000000003,
    "all_runs_ms": [
      12.184552,
      11.137947,
      10.661437,
      10.908695,
      10.665103,
      10.835675,
      10.752466,
      10.573198000000001,
      11.709195000000001,
      11.832626000000001
    ]
  },
  "resource_usage": []
}