{
  "query_file": "/home/eden/GraduationProject/ember-sgm/resources/plan/ldbc-bi-16.json",
  "storage_type": "sqlite",
  "cache_size": 512,
  "num_runs": 10,
  "num_warmup": 1,
  "timing": {
    "min_ms": 46.635825,
    "max_ms": 58.115225,
    "avg_ms": 50.882614875,
    "all_runs_ms": [
      60.524622,
      52.904152,
      45.052372,
      46.635825,
      51.714406999999994,
      46.971470000000004,
      58.115225,
      51.849939,
      49.232502,
      49.637399
    ]
  },
  "resource_usage": [
    {
      "timestamp_ms": 1747714489530,
      "cpu_usage_percent": 16.910229,
      "memory_bytes": 11997155328
    },
    {
      "timestamp_ms": 1747714489742,
      "cpu_usage_percent": 15.571777,
      "memory_bytes": 11997155328
    },
    {
      "timestamp_ms": 1747714489952,
      "cpu_usage_percent": 9.619687,
      "memory_bytes": 11965759488
    }
  ]
}