{
  "query_file": "/home/eden/GraduationProject/ember-sgm/resources/plan/ldbc-bi-18.json",
  "storage_type": "sqlite",
  "cache_size": 512,
  "num_runs": 10,
  "num_warmup": 1,
  "timing": {
    "min_ms": 28.678376,
    "max_ms": 33.478688,
    "avg_ms": 31.31491425,
    "all_runs_ms": [
      30.058912,
      28.454156,
      28.678376,
      30.390622999999998,
      30.934877999999998,
      33.478688,
      31.641125,
      33.733461,
      33.102628,
      32.234084
    ]
  },
  "resource_usage": [
    {
      "timestamp_ms": 1747714493016,
      "cpu_usage_percent": 7.6288657,
      "memory_bytes": 12009836544
    },
    {
      "timestamp_ms": 1747714493227,
      "cpu_usage_percent": 4.2755346,
      "memory_bytes": 11978440704
    }
  ]
}