{
  "query_file": "/home/eden/GraduationProject/ember-sgm/resources/plan/ldbc-bi-2.json",
  "storage_type": "sqlite",
  "cache_size": 512,
  "num_runs": 10,
  "num_warmup": 1,
  "timing": {
    "min_ms": 59.090572,
    "max_ms": 72.74649699999999,
    "avg_ms": 64.498604375,
    "all_runs_ms": [
      62.192978000000004,
      72.74649699999999,
      78.66874899999999,
      63.29649199999999,
      62.22457,
      66.426211,
      59.727797,
      70.283718,
      59.090572,
      56.879063
    ]
  },
  "resource_usage": [
    {
      "timestamp_ms": 1747714465322,
      "cpu_usage_percent": 5.5803576,
      "memory_bytes": 3366670336
    },
    {
      "timestamp_ms": 1747714465527,
      "cpu_usage_percent": 5.679013,
      "memory_bytes": 3366670336
    },
    {
      "timestamp_ms": 1747714465732,
      "cpu_usage_percent": 5.5825243,
      "memory_bytes": 3366670336
    },
    {
      "timestamp_ms": 1747714465936,
      "cpu_usage_percent": 2.6570046,
      "memory_bytes": 3335274496
    }
  ]
}