{
  "query_file": "/home/eden/GraduationProject/ember-sgm/resources/plan/ldbc-bi-20.json",
  "storage_type": "sqlite",
  "cache_size": 512,
  "num_runs": 10,
  "num_warmup": 1,
  "timing": {
    "min_ms": 22.744339999999998,
    "max_ms": 26.807949,
    "avg_ms": 24.728541875,
    "all_runs_ms": [
      26.807949,
      25.323507,
      25.246814999999998,
      24.719277,
      23.644352,
      23.958599,
      22.744339999999998,
      21.880816,
      27.749706,
      25.383495999999997
    ]
  },
  "resource_usage": [
    {
      "timestamp_ms": 1747714494163,
      "cpu_usage_percent": 5.0505047,
      "memory_bytes": 11991121920
    },
    {
      "timestamp_ms": 1747714494372,
      "cpu_usage_percent": 1.1961722,
      "memory_bytes": 11991121920
    }
  ]
}