{
  "query_file": "/home/eden/GraduationProject/ember-sgm/resources/plan/ldbc-bi-4.json",
  "storage_type": "sqlite",
  "cache_size": 512,
  "num_runs": 10,
  "num_warmup": 1,
  "timing": {
    "min_ms": 28.297449,
    "max_ms": 34.214363,
    "avg_ms": 31.2970445,
    "all_runs_ms": [
      34.047793999999996,
      34.214363,
      31.419576,
      39.792899,
      31.303593999999997,
      28.297449,
      28.903368,
      30.884766000000003,
      27.718914,
      31.305446
    ]
  },
  "resource_usage": [
    {
      "timestamp_ms": 1747714468027,
      "cpu_usage_percent": 19.642857,
      "memory_bytes": 4753584128
    },
    {
      "timestamp_ms": 1747714468231,
      "cpu_usage_percent": 12.839505,
      "memory_bytes": 4722188288
    }
  ]
}