{
  "query_file": "/home/eden/GraduationProject/ember-sgm/resources/plan/ldbc-bi-8.json",
  "storage_type": "sqlite",
  "cache_size": 512,
  "num_runs": 10,
  "num_warmup": 1,
  "timing": {
    "min_ms": 39.734477999999996,
    "max_ms": 50.260028999999996,
    "avg_ms": 44.141206,
    "all_runs_ms": [
      54.859445,
      46.869076,
      50.260028999999996,
      42.873931,
      41.828241000000006,
      39.734477999999996,
      42.803048000000004,
      39.40219,
      42.560972,
      46.199873000000004
    ]
  },
  "resource_usage": [
    {
      "timestamp_ms": 1747714477695,
      "cpu_usage_percent": 18.085106,
      "memory_bytes": 11694067712
    },
    {
      "timestamp_ms": 1747714477908,
      "cpu_usage_percent": 16.203703,
      "memory_bytes": 11694067712
    },
    {
      "timestamp_ms": 1747714478116,
      "cpu_usage_percent": 3.8095238,
      "memory_bytes": 11662671872
    }
  ]
}