{
  "query_file": "/home/eden/GraduationProject/ember-sgm/resources/plan/ldbc-bi-9.json",
  "storage_type": "sqlite",
  "cache_size": 512,
  "num_runs": 10,
  "num_warmup": 1,
  "timing": {
    "min_ms": 19.024017,
    "max_ms": 21.791638,
    "avg_ms": 20.465686875000003,
    "all_runs_ms": [
      21.972057,
      20.520661999999998,
      19.417387,
      21.340709,
      21.791638,
      20.690671000000002,
      20.842998,
      19.024017,
      18.651004,
      20.097413000000003
    ]
  },
  "resource_usage": [
    {
      "timestamp_ms": 1747714478357,
      "cpu_usage_percent": 4.661017,
      "memory_bytes": 11669012480
    }
  ]
}