{
  "query_file": "/home/eden/GraduationProject/ember-sgm/resources/plan/ldbc-bi-13.json",
  "storage_type": "neo4j",
  "cache_size": 512,
  "num_runs": 10,
  "num_warmup": 1,
  "timing": {
    "min_ms": 50.759465,
    "max_ms": 67.00286399999999,
    "avg_ms": 58.250327375,
    "all_runs_ms": [
      71.610063,
      66.90425,
      67.00286399999999,
      58.178810999999996,
      49.940893,
      52.555479000000005,
      55.026483,
      58.280197,
      57.295069999999996,
      50.759465
    ]
  },
  "resource_usage": [
    {
      "timestamp_ms": 1746108715135,
      "cpu_usage_percent": 3.4632034,
      "memory_bytes": 7382626304
    },
    {
      "timestamp_ms": 1746108715345,
      "cpu_usage_percent": 7.8571424,
      "memory_bytes": 7382626304
    },
    {
      "timestamp_ms": 1746108715555,
      "cpu_usage_percent": 9.263659,
      "memory_bytes": 7382626304
    },
    {
      "timestamp_ms": 1746108715762,
      "cpu_usage_percent": 5.3364267,
      "memory_bytes": 7382626304
    }
  ]
}