{
  "query_file": "/home/eden/GraduationProject/ember-sgm/resources/plan/ldbc-bi-4.json",
  "storage_type": "neo4j",
  "cache_size": 512,
  "num_runs": 10,
  "num_warmup": 1,
  "timing": {
    "min_ms": 37.29122,
    "max_ms": 41.30547,
    "avg_ms": 39.65189875,
    "all_runs_ms": [
      37.285324,
      37.51193,
      41.30547,
      37.29122,
      40.280529,
      39.489267,
      39.120200000000004,
      41.147135,
      41.069439,
      49.042385
    ]
  },
  "resource_usage": [
    {
      "timestamp_ms": 1746108505398,
      "cpu_usage_percent": 8.6680765,
      "memory_bytes": 6051987456
    },
    {
      "timestamp_ms": 1746108505607,
      "cpu_usage_percent": 9.976798,
      "memory_bytes": 6051987456
    },
    {
      "timestamp_ms": 1746108505814,
      "cpu_usage_percent": 4.679803,
      "memory_bytes": 6051987456
    }
  ]
}