{
  "query_file": "/home/eden/GraduationProject/ember-sgm/resources/plan/ldbc-bi-13.json",
  "storage_type": "neo4j",
  "cache_size": 512,
  "num_runs": 10,
  "num_warmup": 1,
  "timing": {
    "min_ms": 14.276321,
    "max_ms": 15.941151000000001,
    "avg_ms": 15.278709125,
    "all_runs_ms": [
      14.276321,
      15.15707,
      15.416021,
      14.019106,
      15.527114999999998,
      15.380973,
      14.655029,
      15.941151000000001,
      16.011906,
      15.875993000000001
    ]
  },
  "resource_usage": [
    {
      "timestamp_ms": 1746168843508,
      "cpu_usage_percent": 0.9920634,
      "memory_bytes": 11902980096
    },
    {
      "timestamp_ms": 1746168843721,
      "cpu_usage_percent": 14.482758,
      "memory_bytes": 11902980096
    }
  ]
}