{
  "query_file": "/home/eden/GraduationProject/ember-sgm/resources/plan/ldbc-bi-16.json",
  "storage_type": "neo4j",
  "cache_size": 512,
  "num_runs": 10,
  "num_warmup": 1,
  "timing": {
    "min_ms": 12.565412,
    "max_ms": 15.414117,
    "avg_ms": 13.905031625,
    "all_runs_ms": [
      14.885342,
      13.540214,
      13.945829999999999,
      14.463159999999998,
      13.02665,
      12.565412,
      13.399528,
      12.477947,
      15.427069,
      15.414117
    ]
  },
  "resource_usage": [
    {
      "timestamp_ms": 1746108972695,
      "cpu_usage_percent": 17.058823,
      "memory_bytes": 11934343168
    }
  ]
}