{
  "query_file": "/home/eden/GraduationProject/ember-sgm/resources/plan/neo4j_ordered/ldbc-bi-11.json",
  "storage_type": "sqlite",
  "cache_size": 512,
  "num_runs": 10,
  "num_warmup": 1,
  "timing": {
    "min_ms": 51.280789,
    "max_ms": 53.343779,
    "avg_ms": 52.147598249999994,
    "all_runs_ms": [
      52.328445,
      47.871216000000004,
      53.343779,
      51.895811,
      53.014418,
      51.699301000000006,
      51.755786,
      53.784976,
      51.862457,
      51.280789
    ]
  },
  "resource_usage": [
    {
      "timestamp_ms": 1746168842534,
      "cpu_usage_percent": 19.455254,
      "memory_bytes": 11934375936
    },
    {
      "timestamp_ms": 1746168842748,
      "cpu_usage_percent": 20.270267,
      "memory_bytes": 11934375936
    },
    {
      "timestamp_ms": 1746168842961,
      "cpu_usage_percent": 13.785048,
      "memory_bytes": 11902980096
    }
  ]
}