{
  "query_file": "/home/eden/GraduationProject/ember-sgm/resources/plan/ldbc-bi-12.json",
  "storage_type": "neo4j",
  "cache_size": 512,
  "num_runs": 10,
  "num_warmup": 1,
  "timing": {
    "min_ms": 2.96616,
    "max_ms": 3.466316,
    "avg_ms": 3.1722441249999997,
    "all_runs_ms": [
      2.9327989999999997,
      3.0097259999999997,
      3.034025,
      3.147631,
      3.464965,
      3.466316,
      3.647408,
      2.96616,
      3.276174,
      3.012956
    ]
  },
  "resource_usage": [
    {
      "timestamp_ms": 1746168843246,
      "cpu_usage_percent": 2.495544,
      "memory_bytes": 11902980096
    }
  ]
}