{
  "query_file": "/home/eden/GraduationProject/ember-sgm/resources/plan/ldbc-bi-1.json",
  "storage_type": "neo4j",
  "cache_size": 512,
  "num_runs": 10,
  "num_warmup": 1,
  "timing": {
    "min_ms": 0.841173,
    "max_ms": 2.374234,
    "avg_ms": 1.5206757499999999,
    "all_runs_ms": [
      0.841173,
      0.837814,
      1.135653,
      1.174254,
      1.208216,
      1.290435,
      1.9207759999999998,
      2.2206650000000003,
      2.374234,
      2.4559759999999997
    ]
  },
  "resource_usage": []
}