{
  "query_file": "/home/eden/GraduationProject/ember-sgm/resources/plan/ldbc-bi-18.json",
  "storage_type": "neo4j",
  "cache_size": 512,
  "num_runs": 10,
  "num_warmup": 1,
  "timing": {
    "min_ms": 7.818831,
    "max_ms": 8.778599999999999,
    "avg_ms": 8.2769675,
    "all_runs_ms": [
      7.818831,
      8.058519,
      8.434805,
      8.778599999999999,
      8.14727,
      8.435987,
      7.370654,
      8.024725,
      8.891966,
      8.517003
    ]
  },
  "resource_usage": [
    {
      "timestamp_ms": 1746168847231,
      "cpu_usage_percent": 6.3265305,
      "memory_bytes": 11902980096
    }
  ]
}