{
  "query_file": "/home/eden/GraduationProject/ember-sgm/resources/plan/ldbc-bi-14.json",
  "storage_type": "neo4j",
  "cache_size": 512,
  "num_runs": 10,
  "num_warmup": 1,
  "timing": {
    "min_ms": 32.188317,
    "max_ms": 44.265713999999996,
    "avg_ms": 36.531640374999995,
    "all_runs_ms": [
      33.406571,
      31.254209,
      36.652032,
      35.74431,
      46.448209,
      32.188317,
      35.352691,
      36.868790999999995,
      44.265713999999996,
      37.774697
    ]
  },
  "resource_usage": [
    {
      "timestamp_ms": 1746168844032,
      "cpu_usage_percent": 4.2622952,
      "memory_bytes": 11902980096
    },
    {
      "timestamp_ms": 1746168844247,
      "cpu_usage_percent": 17.411764,
      "memory_bytes": 11902980096
    },
    {
      "timestamp_ms": 1746168844462,
      "cpu_usage_percent": 18.632074,
      "memory_bytes": 11902980096
    }
  ]
}