{
  "query_file": "/home/eden/GraduationProject/ember-sgm/resources/plan/ldbc-bi-19.json",
  "storage_type": "neo4j",
  "cache_size": 512,
  "num_runs": 10,
  "num_warmup": 1,
  "timing": {
    "min_ms": 14.021076,
    "max_ms": 15.345488,
    "avg_ms": 14.723674875000002,
    "all_runs_ms": [
      15.177973000000001,
      14.172923,
      13.626701,
      14.148299,
      15.345488,
      15.35539,
      14.610422,
      15.223454,
      14.021076,
      15.089764
    ]
  },
  "resource_usage": [
    {
      "timestamp_ms": 1746168847492,
      "cpu_usage_percent": 8.187135,
      "memory_bytes": 11902980096
    }
  ]
}