{
  "query_file": "/home/eden/GraduationProject/ember-sgm/resources/plan/ldbc-bi-1.json",
  "storage_type": "neo4j",
  "cache_size": 512,
  "num_runs": 10,
  "num_warmup": 1,
  "timing": {
    "min_ms": 1.1179009999999998,
    "max_ms": 1.8731589999999998,
    "avg_ms": 1.566079125,
    "all_runs_ms": [
      0.8664890000000001,
      1.1179009999999998,
      1.190577,
      1.415708,
      1.493338,
      1.8731589999999998,
      1.8645580000000002,
      1.762204,
      1.873993,
      1.811188
    ]
  },
  "resource_usage": []
}