{
  "query_file": "/home/eden/GraduationProject/ember-sgm/resources/plan/ldbc-bi-16.json",
  "storage_type": "neo4j",
  "cache_size": 512,
  "num_runs": 10,
  "num_warmup": 1,
  "timing": {
    "min_ms": 15.518488,
    "max_ms": 19.900789,
    "avg_ms": 17.498019499999998,
    "all_runs_ms": [
      19.259683,
      19.900789,
      15.518488,
      15.917859,
      18.250138999999997,
      18.381547,
      16.888484,
      14.874158,
      15.867167000000002,
      20.750280999999998
    ]
  },
  "resource_usage": [
    {
      "timestamp_ms": 1746168845644,
      "cpu_usage_percent": 19.960861,
      "memory_bytes": 11902980096
    },
    {
      "timestamp_ms": 1746168845857,
      "cpu_usage_percent": 0.9433962,
      "memory_bytes": 11902980096
    }
  ]
}