{
  "query_file": "/home/eden/GraduationProject/ember-sgm/resources/plan/ldbc-bi-15.json",
  "storage_type": "neo4j",
  "cache_size": 512,
  "num_runs": 10,
  "num_warmup": 1,
  "timing": {
    "min_ms": 29.259753999999997,
    "max_ms": 39.95092,
    "avg_ms": 34.113744875,
    "all_runs_ms": [
      31.500578,
      33.888603,
      39.95092,
      40.486239,
      35.63156,
      31.793146,
      28.724735000000003,
      33.508258999999995,
      29.259753999999997,
      37.377139
    ]
  },
  "resource_usage": [
    {
      "timestamp_ms": 1746168844737,
      "cpu_usage_percent": 7.352941,
      "memory_bytes": 11902980096
    },
    {
      "timestamp_ms": 1746168844952,
      "cpu_usage_percent": 12.412177,
      "memory_bytes": 11902980096
    },
    {
      "timestamp_ms": 1746168845171,
      "cpu_usage_percent": 19.863014,
      "memory_bytes": 11902980096
    },
    {
      "timestamp_ms": 1746168845382,
      "cpu_usage_percent": 0.9478673,
      "memory_bytes": 11902980096
    }
  ]
}