{
  "query_file": "/home/eden/GraduationProject/ember-sgm/resources/plan/ldbc-bi-20.json",
  "storage_type": "neo4j",
  "cache_size": 512,
  "num_runs": 10,
  "num_warmup": 1,
  "timing": {
    "min_ms": 6.062182,
    "max_ms": 7.062927999999999,
    "avg_ms": 6.559606625,
    "all_runs_ms": [
      8.152185,
      6.062182,
      6.101564000000001,
      6.779518,
      6.628735,
      7.062927999999999,
      6.476806,
      6.009433,
      6.63802,
      6.7271
    ]
  },
  "resource_usage": [
    {
      "timestamp_ms": 1746168847748,
      "cpu_usage_percent": 2.4,
      "memory_bytes": 11902980096
    }
  ]
}