{
  "query_file": "/home/eden/GraduationProject/ember-sgm/resources/plan/ldbc-bi-2.json",
  "storage_type": "neo4j",
  "cache_size": 512,
  "num_runs": 10,
  "num_warmup": 1,
  "timing": {
    "min_ms": 6.983884,
    "max_ms": 7.627911999999999,
    "avg_ms": 7.335365125000001,
    "all_runs_ms": [
      10.542594000000001,
      6.983884,
      7.522384,
      7.295145000000001,
      7.2438340000000006,
      7.320746000000001,
      7.273563,
      7.415452999999999,
      7.627911999999999,
      6.851303000000001
    ]
  },
  "resource_usage": [
    {
      "timestamp_ms": 1746168828398,
      "cpu_usage_percent": 3.1180398,
      "memory_bytes": 2929623040
    }
  ]
}