{
  "query_file": "/home/eden/GraduationProject/ember-sgm/resources/plan/ldbc-bi-2.json",
  "storage_type": "neo4j",
  "cache_size": 512,
  "num_runs": 10,
  "num_warmup": 1,
  "timing": {
    "min_ms": 6.816766,
    "max_ms": 8.054753,
    "avg_ms": 7.3472466249999995,
    "all_runs_ms": [
      11.335381,
      7.68666,
      6.928929999999999,
      7.162255999999999,
      6.861799,
      7.793938000000001,
      8.054753,
      7.472871,
      6.795694,
      6.816766
    ]
  },
  "resource_usage": [
    {
      "timestamp_ms": 1746108955882,
      "cpu_usage_percent": 2.8761063,
      "memory_bytes": 2930335744
    }
  ]
}