{
  "query_file": "/home/eden/GraduationProject/ember-sgm/resources/plan/neo4j_ordered/ldbc-bi-3.json",
  "storage_type": "sqlite",
  "cache_size": 512,
  "num_runs": 10,
  "num_warmup": 1,
  "timing": {
    "min_ms": 40.80836,
    "max_ms": 45.738254,
    "avg_ms": 42.75838687499999,
    "all_runs_ms": [
      45.201150000000005,
      41.558132,
      41.577141,
      41.199000999999996,
      40.231449000000005,
      41.189695,
      40.80836,
      45.738254,
      44.795362,
      45.861234
    ]
  },
  "resource_usage": [
    {
      "timestamp_ms": 1746168828625,
      "cpu_usage_percent": 10.022272,
      "memory_bytes": 3863752704
    },
    {
      "timestamp_ms": 1746168828832,
      "cpu_usage_percent": 12.048193,
      "memory_bytes": 3863752704
    },
    {
      "timestamp_ms": 1746168829040,
      "cpu_usage_percent": 12.289157,
      "memory_bytes": 3832356864
    },
    {
      "timestamp_ms": 1746168829247,
      "cpu_usage_percent": 0.0,
      "memory_bytes": 3832356864
    }
  ]
}