{
  "query_file": "/home/eden/GraduationProject/ember-sgm/resources/plan/ldbc-bi-4.json",
  "storage_type": "neo4j",
  "cache_size": 512,
  "num_runs": 10,
  "num_warmup": 1,
  "timing": {
    "min_ms": 12.980913000000001,
    "max_ms": 20.619322,
    "avg_ms": 15.79737425,
    "all_runs_ms": [
      11.952548,
      14.792612,
      13.405747000000002,
      17.940062,
      16.309165,
      12.980913000000001,
      14.515765,
      15.815408,
      20.619322,
      21.785552
    ]
  },
  "resource_usage": [
    {
      "timestamp_ms": 1746168829479,
      "cpu_usage_percent": 5.2980127,
      "memory_bytes": 3832356864
    },
    {
      "timestamp_ms": 1746168829685,
      "cpu_usage_percent": 17.433414,
      "memory_bytes": 3832356864
    }
  ]
}