{
  "query_file": "/home/eden/GraduationProject/ember-sgm/resources/plan/ldbc-bi-8.json",
  "storage_type": "neo4j",
  "cache_size": 512,
  "num_runs": 10,
  "num_warmup": 1,
  "timing": {
    "min_ms": 14.048323,
    "max_ms": 18.605043000000002,
    "avg_ms": 15.7599755,
    "all_runs_ms": [
      21.592917,
      14.048323,
      15.428961,
      18.605043000000002,
      13.428188,
      16.664946,
      15.455687,
      15.943599999999998,
      15.237122000000001,
      14.696122
    ]
  },
  "resource_usage": [
    {
      "timestamp_ms": 1746168839379,
      "cpu_usage_percent": 16.504854,
      "memory_bytes": 11799277568
    },
    {
      "timestamp_ms": 1746168839591,
      "cpu_usage_percent": 4.2154565,
      "memory_bytes": 11799277568
    }
  ]
}