{
  "query_file": "/home/eden/GraduationProject/ember-sgm/resources/plan/ldbc-bi-9.json",
  "storage_type": "neo4j",
  "cache_size": 512,
  "num_runs": 10,
  "num_warmup": 1,
  "timing": {
    "min_ms": 1.400644,
    "max_ms": 1.874166,
    "avg_ms": 1.6542740000000002,
    "all_runs_ms": [
      2.117201,
      1.713497,
      1.874166,
      1.574722,
      1.826081,
      1.821362,
      1.5498720000000001,
      1.3668230000000001,
      1.473848,
      1.400644
    ]
  },
  "resource_usage": [
    {
      "timestamp_ms": 1746168839842,
      "cpu_usage_percent": 1.0204082,
      "memory_bytes": 11799277568
    }
  ]
}