{
  "query_file": "/home/eden/GraduationProject/ember-sgm/resources/cypher/bi-14.cypher",
  "num_runs": 10,
  "num_warmup": 1,
  "timing": {
    "min_ms": 2.677686,
    "max_ms": 3.638317,
    "avg_ms": 3.1923257499999997,
    "all_runs_ms": [
      3.6072029999999997,
      3.546161,
      3.275179,
      3.248462,
      2.8213790000000003,
      3.638317,
      2.7242189999999997,
      2.677686,
      2.644465,
      10.174705
    ]
  },
  "resource_usage": [
    {
      "timestamp_ms": 1746182923495,
      "cpu_usage_percent": 0.22727272,
      "memory_bytes": 2916700160
    }
  ]
}