{
  "query_file": "/home/eden/GraduationProject/ember-sgm/resources/cypher/bi-12.cypher",
  "num_runs": 10,
  "num_warmup": 1,
  "timing": {
    "min_ms": 4.092237,
    "max_ms": 8.817859,
    "avg_ms": 5.652868625,
    "all_runs_ms": [
      4.26078,
      4.918325,
      6.017654,
      5.02997,
      5.5196689999999995,
      18.030641,
      6.5664549999999995,
      4.092237,
      3.7975790000000003,
      8.817859
    ]
  },
  "resource_usage": [
    {
      "timestamp_ms": 1746182923051,
      "cpu_usage_percent": 0.22371364,
      "memory_bytes": 2916700160
    }
  ]
}