{
  "query_file": "/home/eden/GraduationProject/ember-sgm/resources/cypher/bi-10.cypher",
  "num_runs": 10,
  "num_warmup": 1,
  "timing": {
    "min_ms": 3.6258150000000002,
    "max_ms": 4.638413,
    "avg_ms": 3.9705319999999995,
    "all_runs_ms": [
      4.085316000000001,
      3.685997,
      3.688888,
      4.0251790000000005,
      3.436112,
      4.226706999999999,
      3.787941,
      3.6258150000000002,
      4.638413,
      11.235341
    ]
  },
  "resource_usage": [
    {
      "timestamp_ms": 1746182921770,
      "cpu_usage_percent": 0.4608295,
      "memory_bytes": 2916700160
    },
    {
      "timestamp_ms": 1746182921976,
      "cpu_usage_percent": 0.0,
      "memory_bytes": 2916700160
    }
  ]
}