{
  "query_file": "/home/eden/GraduationProject/ember-sgm/resources/cypher/bi-11.cypher",
  "num_runs": 10,
  "num_warmup": 1,
  "timing": {
    "min_ms": 4.573087,
    "max_ms": 7.337041,
    "avg_ms": 5.500474625000001,
    "all_runs_ms": [
      5.431646,
      4.573087,
      4.9923779999999995,
      5.664772,
      5.047623000000001,
      5.464535000000001,
      7.337041,
      5.492715,
      4.267453,
      14.074183
    ]
  },
  "resource_usage": [
    {
      "timestamp_ms": 1746182922198,
      "cpu_usage_percent": 0.0,
      "memory_bytes": 2916700160
    },
    {
      "timestamp_ms": 1746182922405,
      "cpu_usage_percent": 0.24038462,
      "memory_bytes": 2916700160
    },
    {
      "timestamp_ms": 1746182922617,
      "cpu_usage_percent": 0.0,
      "memory_bytes": 2916700160
    },
    {
      "timestamp_ms": 1746182922824,
      "cpu_usage_percent": 0.23310022,
      "memory_bytes": 2916700160
    }
  ]
}