{
  "query_file": "/home/eden/GraduationProject/ember-sgm/resources/cypher/bi-15.cypher",
  "num_runs": 10,
  "num_warmup": 1,
  "timing": {
    "min_ms": 3.492376,
    "max_ms": 5.066448,
    "avg_ms": 4.1087425,
    "all_runs_ms": [
      5.066448,
      4.371123,
      4.516606,
      3.973562,
      3.974145,
      3.769321,
      3.410122,
      3.7063590000000004,
      3.492376,
      8.637865
    ]
  },
  "resource_usage": [
    {
      "timestamp_ms": 1746182923722,
      "cpu_usage_percent": 0.0,
      "memory_bytes": 2916700160
    }
  ]
}