{
  "query_file": "/home/eden/GraduationProject/ember-sgm/resources/cypher/bi-16.cypher",
  "num_runs": 10,
  "num_warmup": 1,
  "timing": {
    "min_ms": 2.63536,
    "max_ms": 7.823735,
    "avg_ms": 3.589362,
    "all_runs_ms": [
      2.9278519999999997,
      2.63536,
      2.82163,
      2.1909799999999997,
      9.257116,
      3.445602,
      3.163858,
      3.019658,
      2.877201,
      7.823735
    ]
  },
  "resource_usage": [
    {
      "timestamp_ms": 1746182923945,
      "cpu_usage_percent": 0.22271714,
      "memory_bytes": 2916700160
    }
  ]
}