{
  "query_file": "/home/eden/GraduationProject/ember-sgm/resources/cypher/bi-19.cypher",
  "num_runs": 10,
  "num_warmup": 1,
  "timing": {
    "min_ms": 2.174459,
    "max_ms": 4.3342279999999995,
    "avg_ms": 2.731246375,
    "all_runs_ms": [
      4.3342279999999995,
      2.990749,
      2.444459,
      2.174459,
      2.3470359999999997,
      2.344506,
      2.534488,
      2.6800460000000004,
      2.0244619999999998,
      7.039022
    ]
  },
  "resource_usage": [
    {
      "timestamp_ms": 1746182925433,
      "cpu_usage_percent": 0.23041475,
      "memory_bytes": 2916700160
    }
  ]
}