{
  "query_file": "/home/eden/GraduationProject/ember-sgm/resources/cypher/bi-20.cypher",
  "num_runs": 10,
  "num_warmup": 1,
  "timing": {
    "min_ms": 2.514863,
    "max_ms": 3.296893,
    "avg_ms": 2.9097103750000004,
    "all_runs_ms": [
      3.296893,
      2.949546,
      3.25156,
      2.605735,
      2.679095,
      2.514863,
      3.016739,
      2.9632519999999998,
      2.5148330000000003,
      6.7550040000000005
    ]
  },
  "resource_usage": [
    {
      "timestamp_ms": 1746182925654,
      "cpu_usage_percent": 0.22883293,
      "memory_bytes": 2916700160
    }
  ]
}