{
  "query_file": "/home/eden/GraduationProject/ember-sgm/resources/cypher/bi-2.cypher",
  "num_runs": 10,
  "num_warmup": 1,
  "timing": {
    "min_ms": 3.628498,
    "max_ms": 5.189903,
    "avg_ms": 4.304516875,
    "all_runs_ms": [
      5.189903,
      4.603402,
      4.359726,
      4.4136180000000005,
      4.173935999999999,
      3.479293,
      3.628498,
      3.8616560000000004,
      4.205396,
      15.948312999999999
    ]
  },
  "resource_usage": [
    {
      "timestamp_ms": 1746182918523,
      "cpu_usage_percent": 0.0,
      "memory_bytes": 2916700160
    },
    {
      "timestamp_ms": 1746182918729,
      "cpu_usage_percent": 0.24096385,
      "memory_bytes": 2916700160
    }
  ]
}