{
  "query_file": "/home/eden/GraduationProject/ember-sgm/resources/cypher/bi-4.cypher",
  "num_runs": 10,
  "num_warmup": 1,
  "timing": {
    "min_ms": 4.869592,
    "max_ms": 8.559225999999999,
    "avg_ms": 5.9307997499999985,
    "all_runs_ms": [
      6.308351999999999,
      4.869592,
      6.129393,
      5.235501,
      5.110506,
      5.214754999999999,
      4.486928000000001,
      6.019073,
      8.559225999999999,
      15.522842
    ]
  },
  "resource_usage": [
    {
      "timestamp_ms": 1746182920012,
      "cpu_usage_percent": 0.21978024,
      "memory_bytes": 2916700160
    }
  ]
}