{
  "query_file": "/home/eden/GraduationProject/ember-sgm/resources/cypher/bi-5.cypher",
  "num_runs": 10,
  "num_warmup": 1,
  "timing": {
    "min_ms": 4.800782,
    "max_ms": 6.71233,
    "avg_ms": 5.679437249999999,
    "all_runs_ms": [
      5.867293,
      5.316254000000001,
      4.800782,
      6.2709649999999995,
      5.675587999999999,
      5.0169369999999995,
      6.71233,
      5.775349,
      4.631642,
      13.423957
    ]
  },
  "resource_usage": [
    {
      "timestamp_ms": 1746182920244,
      "cpu_usage_percent": 0.0,
      "memory_bytes": 2916700160
    },
    {
      "timestamp_ms": 1746182920449,
      "cpu_usage_percent": 0.0,
      "memory_bytes": 2916700160
    }
  ]
}