{
  "query_file": "/home/eden/GraduationProject/ember-sgm/resources/cypher/bi-6.cypher",
  "num_runs": 10,
  "num_warmup": 1,
  "timing": {
    "min_ms": 4.575025,
    "max_ms": 7.699863000000001,
    "avg_ms": 5.29543925,
    "all_runs_ms": [
      4.932467,
      4.881324,
      4.92104,
      5.022155000000001,
      5.140340999999999,
      4.178698,
      4.575025,
      7.699863000000001,
      5.191299,
      11.027930999999999
    ]
  },
  "resource_usage": [
    {
      "timestamp_ms": 1746182920678,
      "cpu_usage_percent": 0.2232143,
      "memory_bytes": 2916700160
    },
    {
      "timestamp_ms": 1746182920884,
      "cpu_usage_percent": 0.0,
      "memory_bytes": 2916700160
    }
  ]
}