{
  "query_file": "/home/eden/GraduationProject/ember-sgm/resources/cypher/bi-7.cypher",
  "num_runs": 10,
  "num_warmup": 1,
  "timing": {
    "min_ms": 3.056016,
    "max_ms": 5.024214,
    "avg_ms": 4.029274375,
    "all_runs_ms": [
      5.024214,
      3.7248379999999996,
      3.877316,
      2.921199,
      3.056016,
      3.7812,
      3.751598,
      4.674266,
      4.344747000000001,
      8.611871
    ]
  },
  "resource_usage": [
    {
      "timestamp_ms": 1746182921103,
      "cpu_usage_percent": 0.0,
      "memory_bytes": 2916700160
    }
  ]
}