{
  "query_file": "/home/eden/GraduationProject/ember-sgm/resources/cypher/bi-9.cypher",
  "num_runs": 10,
  "num_warmup": 1,
  "timing": {
    "min_ms": 3.123361,
    "max_ms": 4.844445,
    "avg_ms": 4.15298575,
    "all_runs_ms": [
      4.020875,
      4.844445,
      4.791836,
      4.49534,
      4.5287560000000004,
      4.03312,
      3.3861529999999997,
      2.940318,
      3.123361,
      8.052801
    ]
  },
  "resource_usage": [
    {
      "timestamp_ms": 1746182921550,
      "cpu_usage_percent": 0.0,
      "memory_bytes": 2916700160
    }
  ]
}