{
  "query_file": "/home/eden/GraduationProject/ember-sgm/resources/plan/unoptimized/ldbc-bi-19.json",
  "storage_type": "sqlite",
  "cache_size": 512,
  "num_runs": 10,
  "num_warmup": 1,
  "timing": {
    "min_ms": 13.624555,
    "max_ms": 15.707346000000001,
    "avg_ms": 14.1695295,
    "all_runs_ms": [
      15.974348999999998,
      15.707346000000001,
      14.018813,
      14.398474,
      14.027411,
      13.767678,
      13.624555,
      13.984003,
      13.827956,
      12.846621
    ]
  },
  "resource_usage": [
    {
      "timestamp_ms": 1747714795102,
      "cpu_usage_percent": 3.6585364,
      "memory_bytes": 11971817472
    }
  ]
}