{
  "query_file": "/home/eden/GraduationProject/ember-sgm/resources/plan/unoptimized/ldbc-bi-18.json",
  "storage_type": "sqlite",
  "cache_size": 512,
  "num_runs": 10,
  "num_warmup": 1,
  "timing": {
    "min_ms": 25.742008000000002,
    "max_ms": 30.581702999999997,
    "avg_ms": 28.841544250000002,
    "all_runs_ms": [
      30.876152,
      29.671027,
      28.725143000000003,
      29.050105,
      25.742008000000002,
      28.625303000000002,
      28.52246,
      25.350513000000003,
      30.581702999999997,
      29.814605
    ]
  },
  "resource_usage": [
    {
      "timestamp_ms": 1747714794637,
      "cpu_usage_percent": 4.771372,
      "memory_bytes": 12003176448
    },
    {
      "timestamp_ms": 1747714794848,
      "cpu_usage_percent": 2.1377673,
      "memory_bytes": 11971780608
    }
  ]
}