{
  "query_file": "/home/eden/GraduationProject/ember-sgm/resources/plan/unoptimized/ldbc-bi-20.json",
  "storage_type": "sqlite",
  "cache_size": 512,
  "num_runs": 10,
  "num_warmup": 1,
  "timing": {
    "min_ms": 27.017196000000002,
    "max_ms": 31.308994,
    "avg_ms": 28.530949375,
    "all_runs_ms": [
      30.506201,
      28.122849,
      26.358365000000003,
      27.397141,
      27.620863999999997,
      28.323138,
      27.017196000000002,
      34.089647,
      31.308994,
      27.951211999999998
    ]
  },
  "resource_usage": [
    {
      "timestamp_ms": 1747714795360,
      "cpu_usage_percent": 4.5544558,
      "memory_bytes": 11971854336
    },
    {
      "timestamp_ms": 1747714795573,
      "cpu_usage_percent": 2.352941,
      "memory_bytes": 11971854336
    }
  ]
}