{
  "query_file": "/home/eden/GraduationProject/ember-sgm/resources/plan/unoptimized/neo4j_ordered/ldbc-bi-3.json",
  "storage_type": "sqlite",
  "cache_size": 512,
  "num_runs": 10,
  "num_warmup": 1,
  "timing": {
    "min_ms": 19.042098,
    "max_ms": 20.969838,
    "avg_ms": 19.748492625,
    "all_runs_ms": [
      20.854340999999998,
      19.042098,
      19.185095999999998,
      19.301965,
      22.637867999999997,
      20.969838,
      19.990619000000002,
      19.029761999999998,
      19.382858,
      19.261126
    ]
  },
  "resource_usage": [
    {
      "timestamp_ms": 1747714760989,
      "cpu_usage_percent": 5.6947603,
      "memory_bytes": 3712823296
    },
    {
      "timestamp_ms": 1747714761194,
      "cpu_usage_percent": 0.24630542,
      "memory_bytes": 3681427456
    }
  ]
}