{
  "query_file": "/home/eden/GraduationProject/ember-sgm/resources/plan/unoptimized/ldbc-bi-4.json",
  "storage_type": "sqlite",
  "cache_size": 512,
  "num_runs": 10,
  "num_warmup": 1,
  "timing": {
    "min_ms": 24.172510000000003,
    "max_ms": 40.375829,
    "avg_ms": 31.708425875,
    "all_runs_ms": [
      35.887859,
      32.149682999999996,
      27.428331,
      40.694288,
      40.375829,
      38.513224,
      24.172510000000003,
      25.690138,
      19.873581,
      29.449833
    ]
  },
  "resource_usage": [
    {
      "timestamp_ms": 1747714761431,
      "cpu_usage_percent": 22.270744,
      "memory_bytes": 4752175104
    },
    {
      "timestamp_ms": 1747714761636,
      "cpu_usage_percent": 14.460785,
      "memory_bytes": 4720779264
    }
  ]
}