{
  "query_file": "/home/eden/GraduationProject/ember-sgm/resources/plan/unoptimized/ldbc-bi-8.json",
  "storage_type": "sqlite",
  "cache_size": 512,
  "num_runs": 10,
  "num_warmup": 1,
  "timing": {
    "min_ms": 39.368756999999995,
    "max_ms": 47.205828,
    "avg_ms": 43.46974337499999,
    "all_runs_ms": [
      56.607026999999995,
      45.877,
      47.205828,
      41.397141999999995,
      44.334037,
      44.279272,
      41.493515,
      43.802396,
      39.368756999999995,
      38.790033
    ]
  },
  "resource_usage": [
    {
      "timestamp_ms": 1747714776797,
      "cpu_usage_percent": 15.254237,
      "memory_bytes": 11958902784
    },
    {
      "timestamp_ms": 1747714777009,
      "cpu_usage_percent": 14.077669,
      "memory_bytes": 11958902784
    },
    {
      "timestamp_ms": 1747714777220,
      "cpu_usage_percent": 2.8235297,
      "memory_bytes": 11927506944
    }
  ]
}