{
  "query_file": "/home/eden/GraduationProject/ember-sgm/resources/plan/ldbc-bi-18.json",
  "storage_type": "neo4j",
  "cache_size": 512,
  "num_runs": 10,
  "num_warmup": 1,
  "timing": {
    "min_ms": 26.613933,
    "max_ms": 38.024698,
    "avg_ms": 29.3813715,
    "all_runs_ms": [
      26.613933,
      28.13535,
      29.73049,
      29.691059999999997,
      27.278762,
      25.882726,
      28.788230000000002,
      26.788449,
      44.656438,
      38.024698
    ]
  },
  "resource_usage": [
    {
      "timestamp_ms": 1746108847449,
      "cpu_usage_percent": 4.6153846,
      "memory_bytes": 11929690112
    },
    {
      "timestamp_ms": 1746108847662,
      "cpu_usage_percent": 3.686636,
      "memory_bytes": 11929653248
    }
  ]
}