{
  "query_file": "/home/eden/GraduationProject/ember-sgm/resources/plan/ldbc-bi-18.json",
  "storage_type": "neo4j",
  "cache_size": 512,
  "num_runs": 10,
  "num_warmup": 1,
  "timing": {
    "min_ms": 32.968261999999996,
    "max_ms": 56.948251,
    "avg_ms": 44.76846725,
    "all_runs_ms": [
      58.064653,
      54.389604,
      56.948251,
      48.979754,
      35.074669,
      32.037802,
      35.716401000000005,
      32.968261999999996,
      43.230650000000004,
      50.840147
    ]
  },
  "resource_usage": [
    {
      "timestamp_ms": 1746168753200,
      "cpu_usage_percent": 1.9522778,
      "memory_bytes": 11038973952
    },
    {
      "timestamp_ms": 1746168753407,
      "cpu_usage_percent": 4.156479,
      "memory_bytes": 11038973952
    },
    {
      "timestamp_ms": 1746168753615,
      "cpu_usage_percent": 2.15311,
      "memory_bytes": 11038973952
    }
  ]
}