{
  "query_file": "/home/eden/GraduationProject/ember-sgm/resources/plan/neo4j_ordered/ldbc-bi-11.json",
  "storage_type": "sqlite",
  "cache_size": 512,
  "num_runs": 10,
  "num_warmup": 1,
  "timing": {
    "min_ms": 75.534823,
    "max_ms": 81.635541,
    "avg_ms": 78.96370049999999,
    "all_runs_ms": [
      81.635541,
      78.32596799999999,
      80.346973,
      85.68008,
      77.086536,
      75.844746,
      75.534823,
      81.510672,
      81.42434499999999,
      74.51720300000001
    ]
  },
  "resource_usage": [
    {
      "timestamp_ms": 1746168735243,
      "cpu_usage_percent": 18.045113,
      "memory_bytes": 11958288384
    },
    {
      "timestamp_ms": 1746168735460,
      "cpu_usage_percent": 24.029125,
      "memory_bytes": 11958288384
    },
    {
      "timestamp_ms": 1746168735680,
      "cpu_usage_percent": 22.272728,
      "memory_bytes": 11958288384
    },
    {
      "timestamp_ms": 1746168735891,
      "cpu_usage_percent": 18.095238,
      "memory_bytes": 11926892544
    }
  ]
}