{
  "query_file": "/home/eden/GraduationProject/ember-sgm/resources/plan/ldbc-bi-1.json",
  "storage_type": "neo4j",
  "cache_size": 512,
  "num_runs": 10,
  "num_warmup": 1,
  "timing": {
    "min_ms": 3.499349,
    "max_ms": 4.834352,
    "avg_ms": 4.2737658750000005,
    "all_runs_ms": [
      3.499349,
      3.256332,
      3.78946,
      3.940507,
      4.085511,
      4.799734,
      4.834352,
      4.457527,
      4.783687,
      5.1167679999999995
    ]
  },
  "resource_usage": []
}