{
  "query_file": "/home/eden/GraduationProject/ember-sgm/resources/plan/ldbc-bi-1.json",
  "storage_type": "neo4j",
  "cache_size": 512,
  "num_runs": 10,
  "num_warmup": 1,
  "timing": {
    "min_ms": 3.7580769999999997,
    "max_ms": 5.279434,
    "avg_ms": 4.155455875,
    "all_runs_ms": [
      4.000151000000001,
      5.279434,
      3.7580769999999997,
      3.4315629999999997,
      3.871271,
      4.359191999999999,
      3.857482,
      3.8325210000000003,
      4.285519,
      48.057212
    ]
  },
  "resource_usage": [
    {
      "timestamp_ms": 1746168713252,
      "cpu_usage_percent": 0.55944055,
      "memory_bytes": 2920656896
    }
  ]
}