{
  "query_file": "/home/eden/GraduationProject/ember-sgm/resources/plan/ldbc-bi-19.json",
  "storage_type": "neo4j",
  "cache_size": 512,
  "num_runs": 10,
  "num_warmup": 1,
  "timing": {
    "min_ms": 46.853497000000004,
    "max_ms": 66.87299200000001,
    "avg_ms": 54.17965525,
    "all_runs_ms": [
      55.755311,
      85.283773,
      66.87299200000001,
      48.739684,
      46.853497000000004,
      46.779674,
      50.257134,
      47.823527,
      59.455145,
      57.679952
    ]
  },
  "resource_usage": [
    {
      "timestamp_ms": 1746108847937,
      "cpu_usage_percent": 4.8689137,
      "memory_bytes": 11929653248
    },
    {
      "timestamp_ms": 1746108848156,
      "cpu_usage_percent": 6.696429,
      "memory_bytes": 11929653248
    },
    {
      "timestamp_ms": 1746108848374,
      "cpu_usage_percent": 6.7441864,
      "memory_bytes": 11929653248
    }
  ]
}