{
  "query_file": "/home/eden/GraduationProject/ember-sgm/resources/plan/ldbc-bi-2.json",
  "storage_type": "neo4j",
  "cache_size": 512,
  "num_runs": 10,
  "num_warmup": 1,
  "timing": {
    "min_ms": 54.468479,
    "max_ms": 68.069533,
    "avg_ms": 60.463496250000006,
    "all_runs_ms": [
      56.438384,
      53.649997,
      55.827982,
      58.459848,
      68.069533,
      62.164529,
      65.578796,
      62.700419,
      54.468479,
      71.59281800000001
    ]
  },
  "resource_usage": [
    {
      "timestamp_ms": 1746108816969,
      "cpu_usage_percent": 3.8374717,
      "memory_bytes": 2930298880
    },
    {
      "timestamp_ms": 1746108817176,
      "cpu_usage_percent": 4.0284357,
      "memory_bytes": 2932125696
    },
    {
      "timestamp_ms": 1746108817384,
      "cpu_usage_percent": 4.5673075,
      "memory_bytes": 2932125696
    },
    {
      "timestamp_ms": 1746108817590,
      "cpu_usage_percent": 1.2077295,
      "memory_bytes": 2932125696
    }
  ]
}