{
  "query_file": "/home/eden/GraduationProject/ember-sgm/resources/plan/ldbc-bi-20.json",
  "storage_type": "neo4j",
  "cache_size": 512,
  "num_runs": 10,
  "num_warmup": 1,
  "timing": {
    "min_ms": 40.393806999999995,
    "max_ms": 52.66006,
    "avg_ms": 44.5559315,
    "all_runs_ms": [
      45.345858,
      46.250535,
      42.878328,
      44.694989,
      52.66006,
      40.420532,
      40.393806999999995,
      43.803343,
      39.770202,
      52.874378
    ]
  },
  "resource_usage": [
    {
      "timestamp_ms": 1746108848638,
      "cpu_usage_percent": 3.3073928,
      "memory_bytes": 11929653248
    },
    {
      "timestamp_ms": 1746108848852,
      "cpu_usage_percent": 4.176334,
      "memory_bytes": 11929653248
    },
    {
      "timestamp_ms": 1746108849064,
      "cpu_usage_percent": 2.3474178,
      "memory_bytes": 11849129984
    }
  ]
}