{
  "query_file": "/home/eden/GraduationProject/ember-sgm/resources/plan/ldbc-bi-20.json",
  "storage_type": "neo4j",
  "cache_size": 512,
  "num_runs": 10,
  "num_warmup": 1,
  "timing": {
    "min_ms": 55.631877,
    "max_ms": 85.118964,
    "avg_ms": 71.140792625,
    "all_runs_ms": [
      71.68232200000001,
      81.859914,
      85.118964,
      65.89680800000001,
      66.369576,
      68.873914,
      90.346619,
      73.692966,
      47.607589,
      55.631877
    ]
  },
  "resource_usage": [
    {
      "timestamp_ms": 1746168755545,
      "cpu_usage_percent": 1.7621145,
      "memory_bytes": 10990362624
    },
    {
      "timestamp_ms": 1746168755753,
      "cpu_usage_percent": 2.926829,
      "memory_bytes": 10990362624
    },
    {
      "timestamp_ms": 1746168755962,
      "cpu_usage_percent": 3.1175058,
      "memory_bytes": 10990362624
    },
    {
      "timestamp_ms": 1746168756169,
      "cpu_usage_percent": 3.0588236,
      "memory_bytes": 10990362624
    }
  ]
}