{
  "query_file": "/home/eden/GraduationProject/ember-sgm/resources/plan/ldbc-bi-4.json",
  "storage_type": "neo4j",
  "cache_size": 512,
  "num_runs": 10,
  "num_warmup": 1,
  "timing": {
    "min_ms": 37.611919,
    "max_ms": 44.976674,
    "avg_ms": 40.266175875,
    "all_runs_ms": [
      47.559615,
      37.619239,
      43.100728999999994,
      36.823678,
      44.976674,
      37.611919,
      39.807164,
      38.882495000000006,
      41.040275,
      39.090911999999996
    ]
  },
  "resource_usage": [
    {
      "timestamp_ms": 1746108820146,
      "cpu_usage_percent": 8.1264105,
      "memory_bytes": 7018127360
    },
    {
      "timestamp_ms": 1746108820354,
      "cpu_usage_percent": 10.705596,
      "memory_bytes": 7018127360
    },
    {
      "timestamp_ms": 1746108820561,
      "cpu_usage_percent": 6.3829784,
      "memory_bytes": 7018127360
    }
  ]
}