{
  "query_file": "/home/eden/GraduationProject/ember-sgm/resources/plan/ldbc-bi-8.json",
  "storage_type": "neo4j",
  "cache_size": 512,
  "num_runs": 10,
  "num_warmup": 1,
  "timing": {
    "min_ms": 48.91222,
    "max_ms": 56.688276,
    "avg_ms": 52.58407975,
    "all_runs_ms": [
      48.91222,
      56.688276,
      50.806795,
      48.803345,
      52.764407999999996,
      54.958351,
      50.045614,
      51.000179,
      55.496795,
      65.651893
    ]
  },
  "resource_usage": [
    {
      "timestamp_ms": 1746108833873,
      "cpu_usage_percent": 8.494208,
      "memory_bytes": 11923197952
    },
    {
      "timestamp_ms": 1746108834090,
      "cpu_usage_percent": 11.682243,
      "memory_bytes": 11923197952
    },
    {
      "timestamp_ms": 1746108834312,
      "cpu_usage_percent": 11.283186,
      "memory_bytes": 11923197952
    }
  ]
}