{
  "query_file": "/home/eden/GraduationProject/ember-sgm/resources/plan/ldbc-bi-9.json",
  "storage_type": "neo4j",
  "cache_size": 512,
  "num_runs": 10,
  "num_warmup": 1,
  "timing": {
    "min_ms": 11.640640000000001,
    "max_ms": 16.491370000000003,
    "avg_ms": 13.379518124999999,
    "all_runs_ms": [
      16.867117,
      16.491370000000003,
      14.387412000000001,
      11.640640000000001,
      12.127671,
      12.623101,
      11.615203,
      13.082994000000001,
      12.436104,
      14.246853
    ]
  },
  "resource_usage": [
    {
      "timestamp_ms": 1746108834585,
      "cpu_usage_percent": 1.6791046,
      "memory_bytes": 11923197952
    }
  ]
}