{
  "query_file": "/home/eden/GraduationProject/ember-sgm/resources/plan/ldbc-bi-9.json",
  "storage_type": "neo4j",
  "cache_size": 512,
  "num_runs": 10,
  "num_warmup": 1,
  "timing": {
    "min_ms": 14.470474000000001,
    "max_ms": 30.828663,
    "avg_ms": 19.545876125000003,
    "all_runs_ms": [
      36.717583999999995,
      30.828663,
      15.378756000000001,
      14.344339,
      15.604351000000001,
      14.470474000000001,
      18.699094,
      16.675371000000002,
      15.406499,
      29.303801
    ]
  },
  "resource_usage": [
    {
      "timestamp_ms": 1746168731472,
      "cpu_usage_percent": 1.4,
      "memory_bytes": 11714011136
    },
    {
      "timestamp_ms": 1746168731682,
      "cpu_usage_percent": 0.47732696,
      "memory_bytes": 11714011136
    }
  ]
}