{
  "query_file": "/home/eden/GraduationProject/ember-sgm/resources/plan/ldbc-bi-19.json",
  "storage_type": "sqlite",
  "cache_size": 512,
  "num_runs": 10,
  "num_warmup": 1,
  "timing": {
    "min_ms": 30.623344,
    "max_ms": 34.806669,
    "avg_ms": 32.25727,
    "all_runs_ms": [
      31.723303,
      31.420442,
      34.795688,
      34.806669,
      29.514855,
      30.623344,
      32.152548,
      30.725833,
      38.420254,
      31.810333000000004
    ]
  },
  "resource_usage": [
    {
      "timestamp_ms": 1746695336433,
      "cpu_usage_percent": 10.079051,
      "memory_bytes": 12036505600
    },
    {
      "timestamp_ms": 1746695336642,
      "cpu_usage_percent": 6.8235297,
      "memory_bytes": 12005109760
    }
  ]
}