{
  "query_file": "/home/eden/GraduationProject/ember-sgm/resources/plan/ldbc-bi-1.json",
  "storage_type": "neo4j",
  "cache_size": 512,
  "num_runs": 10,
  "num_warmup": 1,
  "timing": {
    "min_ms": 3.8427930000000003,
    "max_ms": 4.531629,
    "avg_ms": 4.154110500000001,
    "all_runs_ms": [
      4.065463, 3.8427930000000003, 3.463603, 4.198848, 4.224581, 3.873787,
      4.531629, 4.4912160000000005, 4.004567, 4.677887
    ]
  },
  "resource_usage": []
}
