{
  "query_file": "/home/eden/GraduationProject/ember-sgm/resources/plan/ldbc-bi-19.json",
  "storage_type": "neo4j",
  "cache_size": 512,
  "num_runs": 10,
  "num_warmup": 1,
  "timing": {
    "min_ms": 47.117624,
    "max_ms": 56.023286,
    "avg_ms": 51.561267875,
    "all_runs_ms": [
      56.878308000000004, 47.117624, 46.015234, 49.816584, 47.942374, 51.005674,
      56.023286, 54.420634, 54.350030000000004, 51.813936999999996
    ]
  },
  "resource_usage": [
    {
      "timestamp_ms": 1746108727228,
      "cpu_usage_percent": 4.0948277,
      "memory_bytes": 7590293504
    },
    {
      "timestamp_ms": 1746108727437,
      "cpu_usage_percent": 6.6513762,
      "memory_bytes": 7590293504
    },
    {
      "timestamp_ms": 1746108727645,
      "cpu_usage_percent": 6.7915688,
      "memory_bytes": 7590293504
    }
  ]
}
