{
  "query_file": "/home/eden/GraduationProject/ember-sgm/resources/cypher/bi-13.cypher",
  "num_runs": 10,
  "num_warmup": 1,
  "timing": {
    "min_ms": 57.088407000000004,
    "max_ms": 67.02480299999999,
    "avg_ms": 61.58027787499999,
    "all_runs_ms": [
      77.312352,
      67.02480299999999,
      63.852782,
      58.094212999999996,
      57.088407000000004,
      63.82125299999999,
      53.7742,
      58.298308,
      58.687344,
      65.77511299999999
    ]
  },
  "resource_usage": [
    {
      "timestamp_ms": 1747716659539,
      "cpu_usage_percent": 0.22624436,
      "memory_bytes": 2916573184
    },
    {
      "timestamp_ms": 1747716659746,
      "cpu_usage_percent": 0.23980816,
      "memory_bytes": 2916573184
    },
    {
      "timestamp_ms": 1747716659953,
      "cpu_usage_percent": 0.0,
      "memory_bytes": 2916573184
    },
    {
      "timestamp_ms": 1747716660159,
      "cpu_usage_percent": 0.24390242,
      "memory_bytes": 2916573184
    }
  ]
}