{
  "query_file": "/home/eden/GraduationProject/ember-sgm/resources/cypher/bi-12.cypher",
  "num_runs": 10,
  "num_warmup": 1,
  "timing": {
    "min_ms": 34.571941,
    "max_ms": 40.028357,
    "avg_ms": 36.86038775,
    "all_runs_ms": [
      38.251277,
      35.970213,
      37.458281,
      35.573479,
      35.51497,
      73.327901,
      40.028357,
      37.514584,
      34.571941,
      34.319559
    ]
  },
  "resource_usage": [
    {
      "timestamp_ms": 1747716658901,
      "cpu_usage_percent": 0.22271714,
      "memory_bytes": 2916573184
    },
    {
      "timestamp_ms": 1747716659108,
      "cpu_usage_percent": 0.23529413,
      "memory_bytes": 2916573184
    },
    {
      "timestamp_ms": 1747716659314,
      "cpu_usage_percent": 0.0,
      "memory_bytes": 2916573184
    }
  ]
}