{
  "query_file": "/home/eden/GraduationProject/ember-sgm/resources/cypher/bi-18.cypher",
  "num_runs": 10,
  "num_warmup": 1,
  "timing": {
    "min_ms": 48.230649,
    "max_ms": 63.868807,
    "avg_ms": 53.345289375,
    "all_runs_ms": [
      52.726988000000006,
      69.513808,
      54.726102999999995,
      52.708368,
      54.519985,
      48.361125,
      48.230649,
      47.423643,
      63.868807,
      51.62029
    ]
  },
  "resource_usage": [
    {
      "timestamp_ms": 1746695607852,
      "cpu_usage_percent": 0.22271714,
      "memory_bytes": 2916573184
    },
    {
      "timestamp_ms": 1746695608059,
      "cpu_usage_percent": 0.0,
      "memory_bytes": 2916573184
    },
    {
      "timestamp_ms": 1746695608264,
      "cpu_usage_percent": 0.4819277,
      "memory_bytes": 2916573184
    }
  ]
}