{
  "query_file": "/home/eden/GraduationProject/ember-sgm/resources/cypher/bi-16.cypher",
  "num_runs": 10,
  "num_warmup": 1,
  "timing": {
    "min_ms": 30.095236,
    "max_ms": 36.432955,
    "avg_ms": 33.682926125,
    "all_runs_ms": [
      34.626808000000004,
      36.413274,
      30.095236,
      28.421993999999998,
      35.100844,
      38.836964,
      33.849604,
      31.147021,
      36.432955,
      31.797667
    ]
  },
  "resource_usage": [
    {
      "timestamp_ms": 1746695602262,
      "cpu_usage_percent": 0.22522521,
      "memory_bytes": 2916573184
    },
    {
      "timestamp_ms": 1746695602467,
      "cpu_usage_percent": 0.24330902,
      "memory_bytes": 2916573184
    }
  ]
}