{
  "query_file": "/home/eden/GraduationProject/ember-sgm/resources/cypher/bi-13.cypher",
  "num_runs": 10,
  "num_warmup": 1,
  "timing": {
    "min_ms": 48.88382,
    "max_ms": 54.428194,
    "avg_ms": 51.194524,
    "all_runs_ms": [
      50.370242000000005,
      54.428194,
      48.88382,
      50.99546,
      47.814967,
      51.93819,
      49.929474,
      54.609074,
      54.063873,
      48.946939
    ]
  },
  "resource_usage": [
    {
      "timestamp_ms": 1746695599536,
      "cpu_usage_percent": 0.0,
      "memory_bytes": 2916573184
    },
    {
      "timestamp_ms": 1746695599742,
      "cpu_usage_percent": 0.24213076,
      "memory_bytes": 2916573184
    },
    {
      "timestamp_ms": 1746695599947,
      "cpu_usage_percent": 0.24449877,
      "memory_bytes": 2916573184
    }
  ]
}