{
  "query_file": "/home/eden/GraduationProject/ember-sgm/resources/cypher/bi-12.cypher",
  "num_runs": 10,
  "num_warmup": 1,
  "timing": {
    "min_ms": 31.049215,
    "max_ms": 39.889162999999996,
    "avg_ms": 33.850378375,
    "all_runs_ms": [
      34.182503000000004,
      33.691289,
      32.518640000000005,
      30.427238999999997,
      31.049215,
      65.57067699999999,
      39.889162999999996,
      32.597334,
      33.211166,
      33.663717000000005
    ]
  },
  "resource_usage": [
    {
      "timestamp_ms": 1746695599106,
      "cpu_usage_percent": 0.22522521,
      "memory_bytes": 2916573184
    },
    {
      "timestamp_ms": 1746695599313,
      "cpu_usage_percent": 0.24096385,
      "memory_bytes": 2916573184
    }
  ]
}