{
  "query_file": "/home/eden/GraduationProject/ember-sgm/resources/cypher/bi-1.cypher",
  "num_runs": 10,
  "num_warmup": 1,
  "timing": {
    "min_ms": 42.659416,
    "max_ms": 62.140329,
    "avg_ms": 49.942776,
    "all_runs_ms": [
      79.749749,
      62.140329,
      58.072381,
      51.261273,
      50.017495000000004,
      44.452298,
      42.659416,
      44.75238,
      46.186636,
      40.883553000000006
    ]
  },
  "resource_usage": [
    {
      "timestamp_ms": 1746182630848,
      "cpu_usage_percent": 0.0,
      "memory_bytes": 2916909056
    },
    {
      "timestamp_ms": 1746182631054,
      "cpu_usage_percent": 0.24937658,
      "memory_bytes": 2916909056
    },
    {
      "timestamp_ms": 1746182631258,
      "cpu_usage_percent": 0.0,
      "memory_bytes": 2916909056
    }
  ]
}