{
  "query_file": "/home/eden/GraduationProject/ember-sgm/resources/cypher/bi-12.cypher",
  "num_runs": 10,
  "num_warmup": 1,
  "timing": {
    "min_ms": 33.582998,
    "max_ms": 53.963499,
    "avg_ms": 40.98410425,
    "all_runs_ms": [
      38.582614,
      36.645408999999994,
      39.499077,
      87.644579,
      53.963499,
      49.156805999999996,
      40.741741999999995,
      33.582998,
      33.226029999999994,
      35.700689000000004
    ]
  },
  "resource_usage": [
    {
      "timestamp_ms": 1746182646047,
      "cpu_usage_percent": 0.22075054,
      "memory_bytes": 2916687872
    },
    {
      "timestamp_ms": 1746182646252,
      "cpu_usage_percent": 0.24630542,
      "memory_bytes": 2916687872
    },
    {
      "timestamp_ms": 1746182646458,
      "cpu_usage_percent": 0.0,
      "memory_bytes": 2916687872
    }
  ]
}