{
  "query_file": "/home/eden/GraduationProject/ember-sgm/resources/cypher/bi-18.cypher",
  "num_runs": 10,
  "num_warmup": 1,
  "timing": {
    "min_ms": 49.483900999999996,
    "max_ms": 58.930735999999996,
    "avg_ms": 52.14473112500001,
    "all_runs_ms": [
      50.570234,
      58.930735999999996,
      52.918755,
      55.790386,
      93.134557,
      49.741721000000005,
      49.483900999999996,
      48.885736,
      50.081916,
      49.6402
    ]
  },
  "resource_usage": [
    {
      "timestamp_ms": 1746182656017,
      "cpu_usage_percent": 0.0,
      "memory_bytes": 2916687872
    },
    {
      "timestamp_ms": 1746182656223,
      "cpu_usage_percent": 0.24154589,
      "memory_bytes": 2916687872
    },
    {
      "timestamp_ms": 1746182656428,
      "cpu_usage_percent": 0.0,
      "memory_bytes": 2916687872
    }
  ]
}