{
  "query_file": "/home/eden/GraduationProject/ember-sgm/resources/cypher/bi-18.cypher",
  "num_runs": 10,
  "num_warmup": 1,
  "timing": {
    "min_ms": 49.287130999999995,
    "max_ms": 62.585655,
    "avg_ms": 56.058507250000005,
    "all_runs_ms": [
      55.811636,
      62.585655,
      60.016915999999995,
      69.207606,
      55.579305000000005,
      49.287130999999995,
      50.273252,
      47.728105,
      57.805471,
      57.108692000000005
    ]
  },
  "resource_usage": [
    {
      "timestamp_ms": 1747716669801,
      "cpu_usage_percent": 0.22075054,
      "memory_bytes": 2916573184
    },
    {
      "timestamp_ms": 1747716670007,
      "cpu_usage_percent": 0.0,
      "memory_bytes": 2916573184
    },
    {
      "timestamp_ms": 1747716670214,
      "cpu_usage_percent": 0.4819277,
      "memory_bytes": 2916573184
    }
  ]
}