{
  "query_file": "/home/eden/GraduationProject/ember-sgm/resources/cypher/bi-16.cypher",
  "num_runs": 10,
  "num_warmup": 1,
  "timing": {
    "min_ms": 41.291475,
    "max_ms": 53.826395999999995,
    "avg_ms": 45.328464624999995,
    "all_runs_ms": [
      57.183778,
      53.826395999999995,
      42.841674000000005,
      43.382479000000004,
      47.807237,
      47.611598,
      41.692745,
      41.291475,
      44.174113,
      39.915576
    ]
  },
  "resource_usage": [
    {
      "timestamp_ms": 1747716663145,
      "cpu_usage_percent": 0.0,
      "memory_bytes": 2916573184
    },
    {
      "timestamp_ms": 1747716663351,
      "cpu_usage_percent": 0.24330902,
      "memory_bytes": 2916573184
    },
    {
      "timestamp_ms": 1747716663558,
      "cpu_usage_percent": 0.24213076,
      "memory_bytes": 2916573184
    }
  ]
}