{
  "query_file": "/home/eden/GraduationProject/ember-sgm/resources/cypher/bi-20.cypher",
  "num_runs": 10,
  "num_warmup": 1,
  "timing": {
    "min_ms": 54.595711,
    "max_ms": 83.293352,
    "avg_ms": 67.406700375,
    "all_runs_ms": [
      54.595711,
      61.874362000000005,
      83.293352,
      58.912244,
      83.177196,
      106.444526,
      65.67830199999999,
      52.957022,
      65.360401,
      66.362035
    ]
  },
  "resource_usage": [
    {
      "timestamp_ms": 1747716671705,
      "cpu_usage_percent": 0.21978024,
      "memory_bytes": 2916573184
    },
    {
      "timestamp_ms": 1747716671921,
      "cpu_usage_percent": 0.23474178,
      "memory_bytes": 2916573184
    },
    {
      "timestamp_ms": 1747716672128,
      "cpu_usage_percent": 0.24038462,
      "memory_bytes": 2916573184
    },
    {
      "timestamp_ms": 1747716672334,
      "cpu_usage_percent": 0.24271843,
      "memory_bytes": 2916573184
    }
  ]
}