{
  "query_file": "/home/eden/GraduationProject/ember-sgm/resources/cypher/bi-20.cypher",
  "num_runs": 10,
  "num_warmup": 1,
  "timing": {
    "min_ms": 44.263744,
    "max_ms": 51.456726,
    "avg_ms": 46.72409150000001,
    "all_runs_ms": [
      48.782209,
      45.455158000000004,
      47.67125,
      52.359390999999995,
      44.035778,
      44.315896,
      44.35753,
      47.490219,
      51.456726,
      44.263744
    ]
  },
  "resource_usage": [
    {
      "timestamp_ms": 1746695609537,
      "cpu_usage_percent": 0.0,
      "memory_bytes": 2916573184
    },
    {
      "timestamp_ms": 1746695609742,
      "cpu_usage_percent": 0.24752474,
      "memory_bytes": 2916573184
    },
    {
      "timestamp_ms": 1746695609948,
      "cpu_usage_percent": 0.0,
      "memory_bytes": 2916573184
    }
  ]
}