{
  "query_file": "/home/eden/GraduationProject/ember-sgm/resources/cypher/bi-20.cypher",
  "num_runs": 10,
  "num_warmup": 1,
  "timing": {
    "min_ms": 45.656077,
    "max_ms": 52.587146000000004,
    "avg_ms": 49.401701,
    "all_runs_ms": [
      48.260534,
      45.191136,
      45.656077,
      49.348907999999994,
      51.903622000000006,
      48.782644,
      52.804525,
      51.799807,
      52.587146000000004,
      46.87487
    ]
  },
  "resource_usage": [
    {
      "timestamp_ms": 1746182657694,
      "cpu_usage_percent": 0.0,
      "memory_bytes": 2916687872
    },
    {
      "timestamp_ms": 1746182657900,
      "cpu_usage_percent": 0.24271843,
      "memory_bytes": 2916687872
    },
    {
      "timestamp_ms": 1746182658106,
      "cpu_usage_percent": 0.0,
      "memory_bytes": 2916687872
    }
  ]
}