{
  "query_file": "/home/eden/GraduationProject/ember-sgm/resources/cypher/bi-5.cypher",
  "num_runs": 10,
  "num_warmup": 1,
  "timing": {
    "min_ms": 59.993593999999995,
    "max_ms": 74.798786,
    "avg_ms": 67.19053349999999,
    "all_runs_ms": [
      74.798786,
      71.838758,
      97.420111,
      62.293073,
      65.61043799999999,
      58.618896,
      59.993593999999995,
      71.956251,
      68.17042199999999,
      62.862946
    ]
  },
  "resource_usage": [
    {
      "timestamp_ms": 1746182636685,
      "cpu_usage_percent": 0.2232143,
      "memory_bytes": 2916700160
    },
    {
      "timestamp_ms": 1746182636890,
      "cpu_usage_percent": 0.23255813,
      "memory_bytes": 2916700160
    },
    {
      "timestamp_ms": 1746182637098,
      "cpu_usage_percent": 0.0,
      "memory_bytes": 2916700160
    },
    {
      "timestamp_ms": 1746182637304,
      "cpu_usage_percent": 0.23866348,
      "memory_bytes": 2916700160
    }
  ]
}