{
  "query_file": "/home/eden/GraduationProject/ember-sgm/resources/cypher/bi-7.cypher",
  "num_runs": 10,
  "num_warmup": 1,
  "timing": {
    "min_ms": 44.492129,
    "max_ms": 55.213753,
    "avg_ms": 48.67374775,
    "all_runs_ms": [
      55.213753,
      66.666282,
      48.519658,
      52.878944999999995,
      44.673418999999996,
      45.082983,
      45.948109,
      52.580986,
      44.492129,
      44.146172
    ]
  },
  "resource_usage": [
    {
      "timestamp_ms": 1746182638568,
      "cpu_usage_percent": 0.22831051,
      "memory_bytes": 2916700160
    },
    {
      "timestamp_ms": 1746182638774,
      "cpu_usage_percent": 0.0,
      "memory_bytes": 2916700160
    },
    {
      "timestamp_ms": 1746182638979,
      "cpu_usage_percent": 0.24096385,
      "memory_bytes": 2916700160
    }
  ]
}