{
  "query_file": "/home/eden/GraduationProject/ember-sgm/resources/cypher/bi-7.cypher",
  "num_runs": 10,
  "num_warmup": 1,
  "timing": {
    "min_ms": 48.887923,
    "max_ms": 56.760004,
    "avg_ms": 53.001335999999995,
    "all_runs_ms": [
      56.760004,
      52.361431,
      50.702472,
      55.883998999999996,
      52.026599,
      48.887923,
      56.166657,
      58.81758,
      51.221602999999995,
      47.635772
    ]
  },
  "resource_usage": [
    {
      "timestamp_ms": 1747716650901,
      "cpu_usage_percent": 0.2173913,
      "memory_bytes": 2916573184
    },
    {
      "timestamp_ms": 1747716651108,
      "cpu_usage_percent": 0.24038462,
      "memory_bytes": 2916573184
    },
    {
      "timestamp_ms": 1747716651314,
      "cpu_usage_percent": 0.0,
      "memory_bytes": 2916573184
    }
  ]
}