{
  "query_file": "/home/eden/GraduationProject/ember-sgm/resources/cypher/bi-7.cypher",
  "num_runs": 10,
  "num_warmup": 1,
  "timing": {
    "min_ms": 49.553019,
    "max_ms": 56.749902999999996,
    "avg_ms": 53.448214,
    "all_runs_ms": [
      56.749902999999996,
      60.414297999999995,
      56.503113,
      55.983633999999995,
      46.008613,
      50.125842,
      49.553019,
      55.678544,
      52.133006,
      50.858650999999995
    ]
  },
  "resource_usage": [
    {
      "timestamp_ms": 1746695591575,
      "cpu_usage_percent": 0.21413276,
      "memory_bytes": 2916585472
    },
    {
      "timestamp_ms": 1746695591784,
      "cpu_usage_percent": 0.24038462,
      "memory_bytes": 2916585472
    },
    {
      "timestamp_ms": 1746695591990,
      "cpu_usage_percent": 0.0,
      "memory_bytes": 2916573184
    }
  ]
}