{
  "query_file": "/home/eden/GraduationProject/ember-sgm/resources/cypher/bi-8.cypher",
  "num_runs": 10,
  "num_warmup": 1,
  "timing": {
    "min_ms": 67.920034,
    "max_ms": 73.99972700000001,
    "avg_ms": 70.4150535,
    "all_runs_ms": [
      69.528773,
      70.884561,
      64.97689700000001,
      67.920034,
      70.66237100000001,
      67.92536100000001,
      84.553344,
      73.56120800000001,
      73.99972700000001,
      68.838393
    ]
  },
  "resource_usage": [
    {
      "timestamp_ms": 1746695592220,
      "cpu_usage_percent": 0.21786492,
      "memory_bytes": 2916573184
    },
    {
      "timestamp_ms": 1746695592427,
      "cpu_usage_percent": 0.24154589,
      "memory_bytes": 2916573184
    },
    {
      "timestamp_ms": 1746695592635,
      "cpu_usage_percent": 0.24390242,
      "memory_bytes": 2916573184
    },
    {
      "timestamp_ms": 1746695592841,
      "cpu_usage_percent": 0.24213076,
      "memory_bytes": 2916573184
    }
  ]
}