{
  "query_file": "/home/eden/GraduationProject/ember-sgm/resources/cypher/bi-8.cypher",
  "num_runs": 10,
  "num_warmup": 1,
  "timing": {
    "min_ms": 64.34720800000001,
    "max_ms": 84.698307,
    "avg_ms": 74.821503125,
    "all_runs_ms": [
      64.34720800000001,
      63.003623999999995,
      77.569447,
      74.939013,
      84.698307,
      76.534716,
      72.63215100000001,
      80.178385,
      88.468677,
      67.672798
    ]
  },
  "resource_usage": [
    {
      "timestamp_ms": 1747716651542,
      "cpu_usage_percent": 0.0,
      "memory_bytes": 2916573184
    },
    {
      "timestamp_ms": 1747716651754,
      "cpu_usage_percent": 0.23923445,
      "memory_bytes": 2916573184
    },
    {
      "timestamp_ms": 1747716651961,
      "cpu_usage_percent": 0.24271843,
      "memory_bytes": 2916573184
    },
    {
      "timestamp_ms": 1747716652169,
      "cpu_usage_percent": 0.24096385,
      "memory_bytes": 2916573184
    }
  ]
}