{
  "query_file": "/home/eden/GraduationProject/ember-sgm/resources/cypher/bi-9.cypher",
  "num_runs": 10,
  "num_warmup": 1,
  "timing": {
    "min_ms": 35.915165,
    "max_ms": 41.862864,
    "avg_ms": 38.710811875000005,
    "all_runs_ms": [
      46.125876000000005,
      39.200285,
      41.862864,
      34.264337,
      36.938166,
      37.900732,
      39.984424999999995,
      38.995194,
      35.915165,
      38.889663999999996
    ]
  },
  "resource_usage": [
    {
      "timestamp_ms": 1747716652410,
      "cpu_usage_percent": 0.20833334,
      "memory_bytes": 2916573184
    },
    {
      "timestamp_ms": 1747716652616,
      "cpu_usage_percent": 0.24570024,
      "memory_bytes": 2916573184
    },
    {
      "timestamp_ms": 1747716652822,
      "cpu_usage_percent": 0.0,
      "memory_bytes": 2916573184
    }
  ]
}