{
  "query_file": "/home/eden/GraduationProject/ember-sgm/resources/cypher/bi-9.cypher",
  "num_runs": 10,
  "num_warmup": 1,
  "timing": {
    "min_ms": 33.038732,
    "max_ms": 39.561272,
    "avg_ms": 36.909686875,
    "all_runs_ms": [
      39.244224,
      40.553653000000004,
      38.383646,
      38.149241,
      38.045061,
      39.561272,
      34.085535,
      33.038732,
      32.433371,
      34.769784
    ]
  },
  "resource_usage": [
    {
      "timestamp_ms": 1746182640043,
      "cpu_usage_percent": 0.22471909,
      "memory_bytes": 2916700160
    },
    {
      "timestamp_ms": 1746182640248,
      "cpu_usage_percent": 0.0,
      "memory_bytes": 2916700160
    }
  ]
}