{
  "query_file": "/home/eden/GraduationProject/ember-sgm/resources/cypher/bi-9.cypher",
  "num_runs": 10,
  "num_warmup": 1,
  "timing": {
    "min_ms": 36.690006,
    "max_ms": 49.760769,
    "avg_ms": 43.893055625,
    "all_runs_ms": [
      49.760769,
      46.207178,
      50.116684,
      49.031784,
      45.785399999999996,
      42.853821,
      41.593631,
      39.221856,
      33.735708,
      36.690006
    ]
  },
  "resource_usage": [
    {
      "timestamp_ms": 1746695593073,
      "cpu_usage_percent": 0.43763676,
      "memory_bytes": 2916573184
    },
    {
      "timestamp_ms": 1746695593278,
      "cpu_usage_percent": 0.0,
      "memory_bytes": 2916573184
    },
    {
      "timestamp_ms": 1746695593484,
      "cpu_usage_percent": 0.24509804,
      "memory_bytes": 2916573184
    }
  ]
}