{
  "query_file": "/home/eden/GraduationProject/ember-sgm/resources/plan/ldbc-bi-12.json",
  "storage_type": "sqlite",
  "cache_size": 512,
  "num_runs": 10,
  "num_warmup": 1,
  "timing": {
    "min_ms": 3.333798,
    "max_ms": 4.034243,
    "avg_ms": 3.7256633750000003,
    "all_runs_ms": [
      4.8859710000000005,
      3.757252,
      3.1772,
      4.02597,
      3.884395,
      3.583038,
      3.724598,
      4.034243,
      3.462013,
      3.333798
    ]
  },
  "resource_usage": [
    {
      "timestamp_ms": 1746168520901,
      "cpu_usage_percent": 2.7888446,
      "memory_bytes": 11918340096
    }
  ]
}