{
  "query_file": "/home/eden/GraduationProject/ember-sgm/resources/plan/ldbc-bi-18.json",
  "storage_type": "sqlite",
  "cache_size": 512,
  "num_runs": 10,
  "num_warmup": 1,
  "timing": {
    "min_ms": 7.078056,
    "max_ms": 8.220609999999999,
    "avg_ms": 7.54144875,
    "all_runs_ms": [
      8.75125,
      6.021699,
      7.60977,
      7.266157,
      7.545221000000001,
      7.382745,
      7.885533000000001,
      7.343498,
      8.220609999999999,
      7.078056
    ]
  },
  "resource_usage": [
    {
      "timestamp_ms": 1746108305503,
      "cpu_usage_percent": 5.534351,
      "memory_bytes": 12011118592
    }
  ]
}