{
  "query_file": "/home/eden/GraduationProject/ember-sgm/resources/plan/ldbc-bi-19.json",
  "storage_type": "sqlite",
  "cache_size": 512,
  "num_runs": 10,
  "num_warmup": 1,
  "timing": {
    "min_ms": 14.613704,
    "max_ms": 15.748311000000001,
    "avg_ms": 15.29168975,
    "all_runs_ms": [
      16.441062,
      14.574788,
      15.344569,
      14.613704,
      15.408614,
      15.569840999999998,
      15.748311000000001,
      15.452112,
      15.391073,
      14.805294
    ]
  },
  "resource_usage": [
    {
      "timestamp_ms": 1747228677033,
      "cpu_usage_percent": 8.548708,
      "memory_bytes": 11922726912
    }
  ]
}