{
  "query_file": "/home/eden/GraduationProject/ember-sgm/resources/plan/ldbc-bi-13.json",
  "storage_type": "sqlite",
  "cache_size": 512,
  "num_runs": 10,
  "num_warmup": 1,
  "timing": {
    "min_ms": 14.986428,
    "max_ms": 17.321262,
    "avg_ms": 15.943228875,
    "all_runs_ms": [
      17.321262,
      15.655905,
      14.986428,
      14.827779,
      15.838086,
      17.561975,
      16.646265,
      15.516731,
      16.139791,
      15.441362999999999
    ]
  },
  "resource_usage": [
    {
      "timestamp_ms": 1746108302784,
      "cpu_usage_percent": 14.428858,
      "memory_bytes": 11979415552
    }
  ]
}