{
  "query_file": "/home/eden/GraduationProject/ember-sgm/resources/plan/ldbc-bi-12.json",
  "storage_type": "sqlite",
  "cache_size": 512,
  "num_runs": 10,
  "num_warmup": 1,
  "timing": {
    "min_ms": 3.354285,
    "max_ms": 4.101735,
    "avg_ms": 3.8001947499999993,
    "all_runs_ms": [
      4.101735,
      3.780672,
      4.059073,
      5.166446,
      3.271046,
      3.518546,
      4.073572,
      3.829675,
      3.684,
      3.354285
    ]
  },
  "resource_usage": [
    {
      "timestamp_ms": 1747228673428,
      "cpu_usage_percent": 1.7013233,
      "memory_bytes": 11878342656
    }
  ]
}