{
  "query_file": "/home/eden/GraduationProject/ember-sgm/resources/plan/ldbc-bi-15.json",
  "storage_type": "sqlite",
  "cache_size": 512,
  "num_runs": 10,
  "num_warmup": 1,
  "timing": {
    "min_ms": 34.830372,
    "max_ms": 42.3725,
    "avg_ms": 38.7648715,
    "all_runs_ms": [
      37.711355000000005,
      34.830372,
      42.3725,
      42.078623,
      36.269076,
      32.721809,
      38.055875,
      39.674596,
      52.47397,
      39.126574999999995
    ]
  },
  "resource_usage": [
    {
      "timestamp_ms": 1747228674688,
      "cpu_usage_percent": 10.7081175,
      "memory_bytes": 11928760320
    },
    {
      "timestamp_ms": 1747228674901,
      "cpu_usage_percent": 19.082127,
      "memory_bytes": 11928760320
    },
    {
      "timestamp_ms": 1747228675111,
      "cpu_usage_percent": 4.3269234,
      "memory_bytes": 11897364480
    }
  ]
}