{
  "query_file": "/home/eden/GraduationProject/ember-sgm/resources/plan/neo4j_ordered/ldbc-bi-11.json",
  "storage_type": "sqlite",
  "cache_size": 512,
  "num_runs": 10,
  "num_warmup": 1,
  "timing": {
    "min_ms": 55.009736,
    "max_ms": 57.865222,
    "avg_ms": 56.584180625,
    "all_runs_ms": [
      55.009736,
      58.410044,
      56.071661,
      55.342909000000006,
      57.504782,
      57.865222,
      56.290748,
      57.021166,
      52.766929999999995,
      57.567221
    ]
  },
  "resource_usage": [
    {
      "timestamp_ms": 1747228672739,
      "cpu_usage_percent": 17.93893,
      "memory_bytes": 11903397888
    },
    {
      "timestamp_ms": 1747228672953,
      "cpu_usage_percent": 21.985817,
      "memory_bytes": 11903397888
    },
    {
      "timestamp_ms": 1747228673165,
      "cpu_usage_percent": 22.025316,
      "memory_bytes": 11872002048
    }
  ]
}