{
  "query_file": "/home/eden/GraduationProject/ember-sgm/resources/plan/ldbc-bi-16.json",
  "storage_type": "sqlite",
  "cache_size": 512,
  "num_runs": 10,
  "num_warmup": 1,
  "timing": {
    "min_ms": 15.829809000000001,
    "max_ms": 18.461338,
    "avg_ms": 17.115660375,
    "all_runs_ms": [
      17.435111,
      19.509296,
      16.443429,
      15.829809000000001,
      16.505921999999998,
      17.254704999999998,
      18.461338,
      17.222004,
      14.419637000000002,
      17.772965000000003
    ]
  },
  "resource_usage": [
    {
      "timestamp_ms": 1747228675377,
      "cpu_usage_percent": 19.878298,
      "memory_bytes": 11903705088
    }
  ]
}