{
  "query_file": "/home/eden/GraduationProject/ember-sgm/resources/plan/ldbc-bi-18.json",
  "storage_type": "sqlite",
  "cache_size": 512,
  "num_runs": 10,
  "num_warmup": 1,
  "timing": {
    "min_ms": 7.77882,
    "max_ms": 8.712207,
    "avg_ms": 8.158012625,
    "all_runs_ms": [
      8.712207,
      8.785591,
      7.77882,
      7.466290000000001,
      8.411329,
      8.301584,
      7.969092000000001,
      7.9863610000000005,
      8.181455000000001,
      7.923253
    ]
  },
  "resource_usage": [
    {
      "timestamp_ms": 1747228676772,
      "cpu_usage_percent": 4.642166,
      "memory_bytes": 11916386304
    }
  ]
}