{
  "query_file": "/home/eden/GraduationProject/ember-sgm/resources/plan/ldbc-bi-14.json",
  "storage_type": "sqlite",
  "cache_size": 512,
  "num_runs": 10,
  "num_warmup": 1,
  "timing": {
    "min_ms": 32.473743,
    "max_ms": 37.526174000000005,
    "avg_ms": 35.427874,
    "all_runs_ms": [
      36.624984999999995,
      32.275651,
      35.691499,
      39.000339000000004,
      34.138797,
      34.338048,
      32.473743,
      35.574472,
      37.526174000000005,
      37.055274
    ]
  },
  "resource_usage": [
    {
      "timestamp_ms": 1747228673973,
      "cpu_usage_percent": 29.755178,
      "memory_bytes": 11922419712
    },
    {
      "timestamp_ms": 1747228674186,
      "cpu_usage_percent": 20.443352,
      "memory_bytes": 11922419712
    },
    {
      "timestamp_ms": 1747228674397,
      "cpu_usage_percent": 7.8014183,
      "memory_bytes": 11891023872
    }
  ]
}