{
  "query_file": "/home/eden/GraduationProject/ember-sgm/resources/plan/ldbc-bi-1.json",
  "storage_type": "sqlite",
  "cache_size": 512,
  "num_runs": 10,
  "num_warmup": 1,
  "timing": {
    "min_ms": 0.7397400000000001,
    "max_ms": 1.818976,
    "avg_ms": 1.4032248749999998,
    "all_runs_ms": [
      0.7397400000000001,
      0.712526,
      0.9849559999999999,
      1.262722,
      1.467964,
      2.135376,
      1.458117,
      1.818976,
      1.810081,
      1.683243
    ]
  },
  "resource_usage": []
}