{
  "query_file": "/home/eden/GraduationProject/ember-sgm/resources/plan/neo4j_ordered/ldbc-bi-17.json",
  "storage_type": "sqlite",
  "cache_size": 512,
  "num_runs": 10,
  "num_warmup": 1,
  "timing": {
    "min_ms": 61.127145,
    "max_ms": 66.623904,
    "avg_ms": 63.394490125,
    "all_runs_ms": [
      61.289979,
      65.634524,
      66.623904,
      67.404617,
      61.937473,
      58.922371,
      61.127145,
      63.743904,
      63.092999999999996,
      63.705992
    ]
  },
  "resource_usage": [
    {
      "timestamp_ms": 1746108304590,
      "cpu_usage_percent": 27.798508,
      "memory_bytes": 12036173824
    },
    {
      "timestamp_ms": 1746108304809,
      "cpu_usage_percent": 16.197184,
      "memory_bytes": 12036173824
    },
    {
      "timestamp_ms": 1746108305023,
      "cpu_usage_percent": 13.574659,
      "memory_bytes": 12036173824
    },
    {
      "timestamp_ms": 1746108305238,
      "cpu_usage_percent": 13.72093,
      "memory_bytes": 12004777984
    }
  ]
}