{
  "query_file": "/home/eden/GraduationProject/ember-sgm/resources/plan/ldbc-bi-19.json",
  "storage_type": "sqlite",
  "cache_size": 512,
  "num_runs": 10,
  "num_warmup": 1,
  "timing": {
    "min_ms": 15.508612999999999,
    "max_ms": 17.503218,
    "avg_ms": 16.039604375,
    "all_runs_ms": [
      17.503218,
      19.233131,
      16.141013,
      15.890426,
      15.444261000000001,
      15.776429000000002,
      15.982234000000002,
      15.971027,
      15.543875,
      15.508612999999999
    ]
  },
  "resource_usage": [
    {
      "timestamp_ms": 1746168524546,
      "cpu_usage_percent": 9.09091,
      "memory_bytes": 11962724352
    }
  ]
}