{
  "query_file": "/home/eden/GraduationProject/ember-sgm/resources/plan/ldbc-bi-1.json",
  "storage_type": "sqlite",
  "cache_size": 512,
  "num_runs": 10,
  "num_warmup": 1,
  "timing": {
    "min_ms": 0.785564,
    "max_ms": 2.063806,
    "avg_ms": 1.350940875,
    "all_runs_ms": [
      0.600726,
      0.785564,
      0.917811,
      0.9812230000000001,
      1.1236410000000001,
      1.546921,
      1.507552,
      2.063806,
      2.3471830000000002,
      1.881009
    ]
  },
  "resource_usage": []
}