{
  "query_file": "/home/eden/GraduationProject/ember-sgm/resources/plan/neo4j_ordered/ldbc-bi-11.json",
  "storage_type": "sqlite",
  "cache_size": 512,
  "num_runs": 10,
  "num_warmup": 1,
  "timing": {
    "min_ms": 51.874001,
    "max_ms": 60.910802,
    "avg_ms": 56.808992375,
    "all_runs_ms": [
      58.301635999999995,
      51.339781,
      56.341263000000005,
      61.238535,
      58.752444000000004,
      54.418273000000006,
      51.874001,
      53.812472,
      60.061048,
      60.910802
    ]
  },
  "resource_usage": [
    {
      "timestamp_ms": 1746168520217,
      "cpu_usage_percent": 18.924303,
      "memory_bytes": 11943395328
    },
    {
      "timestamp_ms": 1746168520432,
      "cpu_usage_percent": 22.14452,
      "memory_bytes": 11943395328
    },
    {
      "timestamp_ms": 1746168520644,
      "cpu_usage_percent": 19.570406,
      "memory_bytes": 11911999488
    }
  ]
}