{
  "query_file": "/home/eden/GraduationProject/ember-sgm/resources/plan/ldbc-bi-12.json",
  "storage_type": "sqlite",
  "cache_size": 512,
  "num_runs": 10,
  "num_warmup": 1,
  "timing": {
    "min_ms": 4.5372900000000005,
    "max_ms": 5.629555,
    "avg_ms": 5.11916025,
    "all_runs_ms": [
      5.437632000000001,
      5.152825,
      6.170419,
      5.371696,
      4.666872,
      5.629555,
      4.5372900000000005,
      2.6882479999999997,
      4.8955020000000005,
      5.261909999999999
    ]
  },
  "resource_usage": [
    {
      "timestamp_ms": 1746108302523,
      "cpu_usage_percent": 2.264151,
      "memory_bytes": 11973074944
    }
  ]
}