{
  "query_file": "/home/eden/GraduationProject/ember-sgm/resources/plan/ldbc-bi-18.json",
  "storage_type": "sqlite",
  "cache_size": 512,
  "num_runs": 10,
  "num_warmup": 1,
  "timing": {
    "min_ms": 8.118285,
    "max_ms": 9.881832,
    "avg_ms": 8.832666625,
    "all_runs_ms": [
      9.881832,
      10.043113,
      9.405101,
      8.962026999999999,
      8.590165,
      8.756502,
      8.048195,
      8.440523,
      8.118285,
      8.506898000000001
    ]
  },
  "resource_usage": [
    {
      "timestamp_ms": 1746168524287,
      "cpu_usage_percent": 5.681818,
      "memory_bytes": 11956383744
    }
  ]
}