{
  "query_file": "/home/eden/GraduationProject/ember-sgm/resources/plan/ldbc-bi-15.json",
  "storage_type": "sqlite",
  "cache_size": 512,
  "num_runs": 10,
  "num_warmup": 1,
  "timing": {
    "min_ms": 34.545766,
    "max_ms": 40.837395,
    "avg_ms": 36.92795,
    "all_runs_ms": [
      40.837395,
      35.868967000000005,
      34.579791,
      33.364444999999996,
      39.512265,
      46.54019,
      39.517156,
      35.971915,
      34.545766,
      34.590345
    ]
  },
  "resource_usage": [
    {
      "timestamp_ms": 1746168522178,
      "cpu_usage_percent": 9.930313,
      "memory_bytes": 11968757760
    },
    {
      "timestamp_ms": 1746168522397,
      "cpu_usage_percent": 17.233562,
      "memory_bytes": 11968757760
    },
    {
      "timestamp_ms": 1746168522608,
      "cpu_usage_percent": 1.1876485,
      "memory_bytes": 11937361920
    }
  ]
}