{
  "query_file": "/home/eden/GraduationProject/ember-sgm/resources/plan/ldbc-bi-14.json",
  "storage_type": "sqlite",
  "cache_size": 512,
  "num_runs": 10,
  "num_warmup": 1,
  "timing": {
    "min_ms": 35.103426,
    "max_ms": 39.237137999999995,
    "avg_ms": 37.524516500000004,
    "all_runs_ms": [
      38.059837,
      33.187574,
      39.04795300000001,
      36.604934,
      36.798587,
      36.152735,
      35.103426,
      39.803117,
      39.191522,
      39.237137999999995
    ]
  },
  "resource_usage": [
    {
      "timestamp_ms": 1746168521452,
      "cpu_usage_percent": 23.679417,
      "memory_bytes": 11962417152
    },
    {
      "timestamp_ms": 1746168521666,
      "cpu_usage_percent": 19.770115,
      "memory_bytes": 11962417152
    },
    {
      "timestamp_ms": 1746168521879,
      "cpu_usage_percent": 8.372093,
      "memory_bytes": 11931021312
    }
  ]
}