{
  "query_file": "/home/eden/GraduationProject/ember-sgm/resources/plan/ldbc-bi-13.json",
  "storage_type": "sqlite",
  "cache_size": 512,
  "num_runs": 10,
  "num_warmup": 1,
  "timing": {
    "min_ms": 15.233178,
    "max_ms": 17.268154,
    "avg_ms": 16.421893625,
    "all_runs_ms": [
      18.4934,
      15.648724999999999,
      17.268154,
      16.454241,
      16.042246,
      17.010338,
      17.115588000000002,
      15.233178,
      16.602679,
      14.902253
    ]
  },
  "resource_usage": [
    {
      "timestamp_ms": 1746168521163,
      "cpu_usage_percent": 14.313347,
      "memory_bytes": 11924680704
    }
  ]
}