{
  "query_file": "/home/eden/GraduationProject/ember-sgm/resources/plan/ldbc-bi-16.json",
  "storage_type": "sqlite",
  "cache_size": 512,
  "num_runs": 10,
  "num_warmup": 1,
  "timing": {
    "min_ms": 15.342797000000001,
    "max_ms": 19.274307,
    "avg_ms": 17.50783725,
    "all_runs_ms": [
      18.209682,
      16.713167000000002,
      18.801384000000002,
      14.236599,
      18.049789999999998,
      19.940368,
      15.730668999999999,
      15.342797000000001,
      17.940902,
      19.274307
    ]
  },
  "resource_usage": [
    {
      "timestamp_ms": 1746168522884,
      "cpu_usage_percent": 17.41573,
      "memory_bytes": 11943702528
    }
  ]
}