{
  "query_file": "/home/eden/GraduationProject/ember-sgm/resources/plan/ldbc-bi-13.json",
  "storage_type": "sqlite",
  "cache_size": 512,
  "num_runs": 10,
  "num_warmup": 1,
  "timing": {
    "min_ms": 14.620093,
    "max_ms": 17.872177,
    "avg_ms": 16.463219125000002,
    "all_runs_ms": [
      15.934672,
      14.620093,
      14.435341000000001,
      15.413866,
      16.819014,
      17.450387000000003,
      17.872177,
      17.262784,
      16.33276,
      18.517633
    ]
  },
  "resource_usage": [
    {
      "timestamp_ms": 1747228673695,
      "cpu_usage_percent": 15.071283,
      "memory_bytes": 11884683264
    }
  ]
}