{
  "query_file": "/home/eden/GraduationProject/ember-sgm/resources/plan/ldbc-bi-20.json",
  "storage_type": "sqlite",
  "cache_size": 512,
  "num_runs": 10,
  "num_warmup": 1,
  "timing": {
    "min_ms": 6.924006,
    "max_ms": 8.096751,
    "avg_ms": 7.341058375,
    "all_runs_ms": [
      6.924006,
      6.95942,
      7.418997,
      8.318576,
      7.541218,
      8.096751,
      7.129370000000001,
      6.282405,
      6.995718,
      7.662986999999999
    ]
  },
  "resource_usage": [
    {
      "timestamp_ms": 1746108306032,
      "cpu_usage_percent": 2.3809524,
      "memory_bytes": 12023799808
    }
  ]
}