{
  "query_file": "/home/eden/GraduationProject/ember-sgm/resources/plan/ldbc-bi-2.json",
  "storage_type": "sqlite",
  "cache_size": 512,
  "num_runs": 10,
  "num_warmup": 1,
  "timing": {
    "min_ms": 9.496057,
    "max_ms": 10.455211,
    "avg_ms": 9.903739375000002,
    "all_runs_ms": [
      14.998526,
      9.652739,
      10.05751,
      10.455211,
      9.696898000000001,
      10.268048,
      9.689645,
      9.496057,
      9.913807,
      9.076626000000001
    ]
  },
  "resource_usage": [
    {
      "timestamp_ms": 1747228661395,
      "cpu_usage_percent": 4.83871,
      "memory_bytes": 3344003072
    }
  ]
}