{
  "query_file": "/home/eden/GraduationProject/ember-sgm/resources/plan/ldbc-bi-2.json",
  "storage_type": "sqlite",
  "cache_size": 512,
  "num_runs": 10,
  "num_warmup": 1,
  "timing": {
    "min_ms": 9.789754,
    "max_ms": 10.48963,
    "avg_ms": 10.095862875,
    "all_runs_ms": [
      16.105001,
      10.030078,
      9.919071,
      10.039423000000001,
      9.789754,
      10.445341,
      8.718095,
      10.082798,
      10.48963,
      9.970808
    ]
  },
  "resource_usage": [
    {
      "timestamp_ms": 1746168506632,
      "cpu_usage_percent": 4.772727,
      "memory_bytes": 3344125952
    }
  ]
}