{
  "query_file": "/home/eden/GraduationProject/ember-sgm/resources/plan/ldbc-bi-20.json",
  "storage_type": "sqlite",
  "cache_size": 512,
  "num_runs": 10,
  "num_warmup": 1,
  "timing": {
    "min_ms": 5.960433,
    "max_ms": 7.244428,
    "avg_ms": 6.61804875,
    "all_runs_ms": [
      7.075452,
      5.960433,
      5.973057000000001,
      5.944706,
      6.67566,
      6.349977,
      6.44039,
      7.244428,
      7.713317,
      7.2249929999999996
    ]
  },
  "resource_usage": [
    {
      "timestamp_ms": 1746168524798,
      "cpu_usage_percent": 2.016129,
      "memory_bytes": 11969064960
    }
  ]
}