{
  "query_file": "/home/eden/GraduationProject/ember-sgm/resources/plan/ldbc-bi-20.json",
  "storage_type": "sqlite",
  "cache_size": 512,
  "num_runs": 10,
  "num_warmup": 1,
  "timing": {
    "min_ms": 6.245335,
    "max_ms": 7.444876,
    "avg_ms": 6.772903,
    "all_runs_ms": [
      8.781963000000001,
      7.060245,
      6.611561,
      7.444876,
      6.750753,
      6.1867600000000005,
      6.642475,
      6.651757,
      6.245335,
      6.776222
    ]
  },
  "resource_usage": [
    {
      "timestamp_ms": 1747228677295,
      "cpu_usage_percent": 2.1611,
      "memory_bytes": 11929067520
    }
  ]
}