{
  "query_file": "/home/eden/GraduationProject/ember-sgm/resources/plan/neo4j_ordered/ldbc-bi-3.json",
  "storage_type": "sqlite",
  "cache_size": 512,
  "num_runs": 10,
  "num_warmup": 1,
  "timing": {
    "min_ms": 45.751865,
    "max_ms": 49.252378,
    "avg_ms": 47.383605125,
    "all_runs_ms": [
      46.271698,
      46.381049,
      46.057208,
      48.876616999999996,
      45.021950999999994,
      50.420812000000005,
      49.094494000000005,
      49.252378,
      45.751865,
      47.383532
    ]
  },
  "resource_usage": [
    {
      "timestamp_ms": 1747228661617,
      "cpu_usage_percent": 10.623556,
      "memory_bytes": 4624633856
    },
    {
      "timestamp_ms": 1747228661823,
      "cpu_usage_percent": 12.846347,
      "memory_bytes": 4624633856
    },
    {
      "timestamp_ms": 1747228662028,
      "cpu_usage_percent": 12.871287,
      "memory_bytes": 4624769024
    },
    {
      "timestamp_ms": 1747228662233,
      "cpu_usage_percent": 1.937046,
      "memory_bytes": 4593373184
    }
  ]
}