{
  "query_file": "/home/eden/GraduationProject/ember-sgm/resources/plan/neo4j_ordered/ldbc-bi-3.json",
  "storage_type": "sqlite",
  "cache_size": 512,
  "num_runs": 10,
  "num_warmup": 1,
  "timing": {
    "min_ms": 42.626167,
    "max_ms": 49.843529999999994,
    "avg_ms": 45.625327,
    "all_runs_ms": [
      49.843529999999994,
      43.887574,
      41.713971,
      43.882017000000005,
      42.626167,
      44.800283,
      44.693082000000004,
      48.846551000000005,
      46.423412,
      51.877562000000005
    ]
  },
  "resource_usage": [
    {
      "timestamp_ms": 1746168506895,
      "cpu_usage_percent": 11.242603,
      "memory_bytes": 4624945152
    },
    {
      "timestamp_ms": 1746168507101,
      "cpu_usage_percent": 12.077295,
      "memory_bytes": 4624945152
    },
    {
      "timestamp_ms": 1746168507306,
      "cpu_usage_percent": 10.776941,
      "memory_bytes": 4593549312
    }
  ]
}