{
  "query_file": "/home/eden/GraduationProject/ember-sgm/resources/plan/ldbc-bi-4.json",
  "storage_type": "sqlite",
  "cache_size": 512,
  "num_runs": 10,
  "num_warmup": 1,
  "timing": {
    "min_ms": 15.409028,
    "max_ms": 16.366354,
    "avg_ms": 15.942102624999999,
    "all_runs_ms": [
      16.366354,
      15.743681999999998,
      15.838184000000002,
      21.492168,
      15.883907999999998,
      16.191294,
      15.777638,
      15.409028,
      16.326733,
      14.001052999999999
    ]
  },
  "resource_usage": [
    {
      "timestamp_ms": 1746168507548,
      "cpu_usage_percent": 16.767677,
      "memory_bytes": 5008883712
    }
  ]
}