{
  "query_file": "/home/eden/GraduationProject/ember-sgm/resources/plan/ldbc-bi-4.json",
  "storage_type": "sqlite",
  "cache_size": 512,
  "num_runs": 10,
  "num_warmup": 1,
  "timing": {
    "min_ms": 16.873103,
    "max_ms": 21.409595,
    "avg_ms": 18.933152125,
    "all_runs_ms": [
      17.822986,
      13.064933,
      17.880965,
      18.273335000000003,
      16.873103,
      20.809377,
      18.10153,
      20.294326,
      21.409595,
      25.520795999999997
    ]
  },
  "resource_usage": [
    {
      "timestamp_ms": 1747228662461,
      "cpu_usage_percent": 21.460176,
      "memory_bytes": 4832436224
    },
    {
      "timestamp_ms": 1747228662667,
      "cpu_usage_percent": 0.49140048,
      "memory_bytes": 4801040384
    }
  ]
}