{
  "query_file": "/home/eden/GraduationProject/ember-sgm/resources/plan/neo4j_ordered/ldbc-bi-5.json",
  "storage_type": "sqlite",
  "cache_size": 512,
  "num_runs": 10,
  "num_warmup": 1,
  "timing": {
    "min_ms": 50.459265,
    "max_ms": 59.661386,
    "avg_ms": 54.904986125,
    "all_runs_ms": [
      62.255146999999994,
      59.661386,
      58.533246999999996,
      57.814842999999996,
      51.407202,
      50.459265,
      57.782331,
      51.098327,
      50.285482,
      52.483288
    ]
  },
  "resource_usage": [
    {
      "timestamp_ms": 1746108290410,
      "cpu_usage_percent": 19.924812,
      "memory_bytes": 11553099776
    },
    {
      "timestamp_ms": 1746108290623,
      "cpu_usage_percent": 24.01961,
      "memory_bytes": 11557429248
    },
    {
      "timestamp_ms": 1746108290836,
      "cpu_usage_percent": 25.858124,
      "memory_bytes": 11557564416
    },
    {
      "timestamp_ms": 1746108291046,
      "cpu_usage_percent": 20.3125,
      "memory_bytes": 11526320128
    }
  ]
}