{
  "query_file": "/home/eden/GraduationProject/ember-sgm/resources/plan/ldbc-bi-8.json",
  "storage_type": "sqlite",
  "cache_size": 512,
  "num_runs": 10,
  "num_warmup": 1,
  "timing": {
    "min_ms": 15.850096,
    "max_ms": 19.937393,
    "avg_ms": 17.65664725,
    "all_runs_ms": [
      19.937393,
      17.625414999999997,
      12.377231,
      19.787685,
      17.032970000000002,
      16.753069,
      20.224342999999998,
      15.850096,
      17.599773,
      16.666777
    ]
  },
  "resource_usage": [
    {
      "timestamp_ms": 1747228669565,
      "cpu_usage_percent": 17.248064,
      "memory_bytes": 11821514752
    }
  ]
}