{
  "query_file": "/home/eden/GraduationProject/ember-sgm/resources/plan/ldbc-bi-8.json",
  "storage_type": "sqlite",
  "cache_size": 512,
  "num_runs": 10,
  "num_warmup": 1,
  "timing": {
    "min_ms": 11.175708,
    "max_ms": 13.790963,
    "avg_ms": 12.844505375,
    "all_runs_ms": [
      14.092915,
      13.790963,
      13.537431000000002,
      11.644348,
      11.175708,
      13.086352000000002,
      13.216344,
      13.544868999999998,
      10.87638,
      12.760028
    ]
  },
  "resource_usage": [
    {
      "timestamp_ms": 1746108298850,
      "cpu_usage_percent": 15.182185,
      "memory_bytes": 11945070592
    }
  ]
}