{
  "query_file": "/home/eden/GraduationProject/ember-sgm/resources/plan/ldbc-bi-8.json",
  "storage_type": "sqlite",
  "cache_size": 512,
  "num_runs": 10,
  "num_warmup": 1,
  "timing": {
    "min_ms": 16.681250000000002,
    "max_ms": 20.626389,
    "avg_ms": 18.926053375,
    "all_runs_ms": [
      20.626389,
      20.519861,
      15.904288,
      17.880716,
      19.951755000000002,
      16.681250000000002,
      18.202251,
      20.283217,
      17.262988,
      22.442085
    ]
  },
  "resource_usage": [
    {
      "timestamp_ms": 1746168516723,
      "cpu_usage_percent": 20.27559,
      "memory_bytes": 11767652352
    },
    {
      "timestamp_ms": 1746168516943,
      "cpu_usage_percent": 0.6772009,
      "memory_bytes": 11736256512
    }
  ]
}