{
  "query_file": "/home/eden/GraduationProject/ember-sgm/resources/plan/ldbc-bi-9.json",
  "storage_type": "sqlite",
  "cache_size": 512,
  "num_runs": 10,
  "num_warmup": 1,
  "timing": {
    "min_ms": 1.424539,
    "max_ms": 1.658386,
    "avg_ms": 1.50703875,
    "all_runs_ms": [
      2.05498,
      1.5601079999999998,
      1.5431329999999999,
      1.490443,
      1.3677590000000002,
      1.4365370000000002,
      1.443544,
      1.424539,
      1.658386,
      1.49962
    ]
  },
  "resource_usage": [
    {
      "timestamp_ms": 1747228669813,
      "cpu_usage_percent": 0.2053388,
      "memory_bytes": 11827855360
    }
  ]
}