{
  "query_file": "/home/eden/GraduationProject/ember-sgm/resources/plan/ldbc-bi-9.json",
  "storage_type": "sqlite",
  "cache_size": 512,
  "num_runs": 10,
  "num_warmup": 1,
  "timing": {
    "min_ms": 1.987604,
    "max_ms": 3.249088,
    "avg_ms": 2.4982435,
    "all_runs_ms": [
      3.672852,
      3.249088,
      2.799757,
      2.09302,
      2.425157,
      2.843342,
      2.108037,
      2.479943,
      1.987604,
      1.945972
    ]
  },
  "resource_usage": [
    {
      "timestamp_ms": 1746168517210,
      "cpu_usage_percent": 0.7677543,
      "memory_bytes": 11742597120
    }
  ]
}