{
  "query_file": "/home/eden/GraduationProject/ember-sgm/resources/plan/ldbc-bi-9.json",
  "storage_type": "sqlite",
  "cache_size": 512,
  "num_runs": 10,
  "num_warmup": 1,
  "timing": {
    "min_ms": 1.575688,
    "max_ms": 2.504254,
    "avg_ms": 1.86955325,
    "all_runs_ms": [
      2.9091400000000003,
      1.968329,
      2.504254,
      2.1185370000000003,
      1.701055,
      1.789239,
      1.575688,
      1.702935,
      1.5963889999999998,
      1.5432899999999998
    ]
  },
  "resource_usage": [
    {
      "timestamp_ms": 1746108299111,
      "cpu_usage_percent": 0.3868472,
      "memory_bytes": 11951411200
    }
  ]
}