{
  "query_file": "/home/eden/GraduationProject/ember-sgm/resources/plan/ldbc-bi-15.json",
  "storage_type": "neo4j",
  "cache_size": 512,
  "num_runs": 10,
  "num_warmup": 1,
  "timing": {
    "min_ms": 25.651475,
    "max_ms": 35.136821999999995,
    "avg_ms": 28.503328250000003,
    "all_runs_ms": [
      26.1138,
      25.336219,
      28.347753,
      26.687368,
      25.651475,
      35.136821999999995,
      31.341824,
      28.448520000000002,
      26.299064,
      41.202297
    ]
  },
  "resource_usage": [
    {
      "timestamp_ms": 1746108184718,
      "cpu_usage_percent": 5.4924245,
      "memory_bytes": 8288534528
    },
    {
      "timestamp_ms": 1746108184927,
      "cpu_usage_percent": 9.259259,
      "memory_bytes": 8288534528
    },
    {
      "timestamp_ms": 1746108185139,
      "cpu_usage_percent": 19.949497,
      "memory_bytes": 8288534528
    },
    {
      "timestamp_ms": 1746108185345,
      "cpu_usage_percent": 2.8503566,
      "memory_bytes": 8288534528
    }
  ]
}