{
  "query_file": "/home/eden/GraduationProject/ember-sgm/resources/plan/ldbc-bi-13.json",
  "storage_type": "neo4j",
  "cache_size": 512,
  "num_runs": 10,
  "num_warmup": 1,
  "timing": {
    "min_ms": 14.844464,
    "max_ms": 20.220267,
    "avg_ms": 17.263362375,
    "all_runs_ms": [
      16.502441,
      16.435875999999997,
      14.718114,
      16.372970000000002,
      14.844464,
      16.250386,
      21.685201000000003,
      18.520347,
      18.960148,
      20.220267
    ]
  },
  "resource_usage": [
    {
      "timestamp_ms": 1746108183507,
      "cpu_usage_percent": 3.846154,
      "memory_bytes": 8150089728
    },
    {
      "timestamp_ms": 1746108183715,
      "cpu_usage_percent": 16.949154,
      "memory_bytes": 8150089728
    }
  ]
}