{
  "query_file": "/home/eden/GraduationProject/ember-sgm/resources/plan/ldbc-bi-19.json",
  "storage_type": "neo4j",
  "cache_size": 512,
  "num_runs": 10,
  "num_warmup": 1,
  "timing": {
    "min_ms": 13.910941,
    "max_ms": 15.822106,
    "avg_ms": 14.783021750000001,
    "all_runs_ms": [
      19.611279,
      15.822106,
      14.694117,
      13.910941,
      14.671223000000001,
      13.688415,
      15.064018,
      14.889868,
      15.255815,
      13.956085999999999
    ]
  },
  "resource_usage": [
    {
      "timestamp_ms": 1746108187569,
      "cpu_usage_percent": 8.2627125,
      "memory_bytes": 8288534528
    },
    {
      "timestamp_ms": 1746108187776,
      "cpu_usage_percent": 3.846154,
      "memory_bytes": 8288534528
    }
  ]
}