{
  "query_file": "/home/eden/GraduationProject/ember-sgm/resources/plan/ldbc-bi-14.json",
  "storage_type": "neo4j",
  "cache_size": 512,
  "num_runs": 10,
  "num_warmup": 1,
  "timing": {
    "min_ms": 28.931426,
    "max_ms": 37.969682999999996,
    "avg_ms": 31.654304624999998,
    "all_runs_ms": [
      28.209736999999997,
      31.537166,
      31.221743999999997,
      30.536996000000002,
      31.922304999999998,
      29.173880999999998,
      31.941235999999996,
      28.931426,
      37.969682999999996,
      40.060922999999995
    ]
  },
  "resource_usage": [
    {
      "timestamp_ms": 1746108184030,
      "cpu_usage_percent": 4.32,
      "memory_bytes": 8288534528
    },
    {
      "timestamp_ms": 1746108184238,
      "cpu_usage_percent": 13.83495,
      "memory_bytes": 8288534528
    },
    {
      "timestamp_ms": 1746108184448,
      "cpu_usage_percent": 17.090069,
      "memory_bytes": 8288534528
    }
  ]
}