{
  "query_file": "/home/eden/GraduationProject/ember-sgm/resources/plan/neo4j_ordered/ldbc-bi-11.json",
  "storage_type": "neo4j",
  "cache_size": 512,
  "num_runs": 10,
  "num_warmup": 1,
  "timing": {
    "min_ms": 39.026792,
    "max_ms": 49.036950000000004,
    "avg_ms": 43.927088749999996,
    "all_runs_ms": [
      51.89736,
      43.410611,
      43.070707,
      41.372887999999996,
      39.026792,
      37.782833000000004,
      42.828450999999994,
      49.036950000000004,
      46.731138,
      45.939173
    ]
  },
  "resource_usage": [
    {
      "timestamp_ms": 1746108182395,
      "cpu_usage_percent": 3.5123966,
      "memory_bytes": 7663419392
    },
    {
      "timestamp_ms": 1746108182605,
      "cpu_usage_percent": 16.09756,
      "memory_bytes": 7663419392
    },
    {
      "timestamp_ms": 1746108182817,
      "cpu_usage_percent": 19.863014,
      "memory_bytes": 7663419392
    },
    {
      "timestamp_ms": 1746108183024,
      "cpu_usage_percent": 10.56338,
      "memory_bytes": 7663419392
    }
  ]
}