{
  "query_file": "/home/eden/GraduationProject/ember-sgm/resources/plan/ldbc-bi-1.json",
  "storage_type": "neo4j",
  "cache_size": 512,
  "num_runs": 10,
  "num_warmup": 1,
  "timing": {
    "min_ms": 0.8233090000000001,
    "max_ms": 2.156399,
    "avg_ms": 1.3938165,
    "all_runs_ms": [
      0.7254079999999999,
      0.8233090000000001,
      1.12161,
      1.158134,
      1.3439070000000002,
      1.238385,
      1.5028599999999999,
      1.805928,
      2.329232,
      2.156399
    ]
  },
  "resource_usage": [
    {
      "timestamp_ms": 1746107988813,
      "cpu_usage_percent": 0.50505054,
      "memory_bytes": 2920353792
    }
  ]
}