{
  "query_file": "/home/eden/GraduationProject/ember-sgm/resources/plan/ldbc-bi-16.json",
  "storage_type": "neo4j",
  "cache_size": 512,
  "num_runs": 10,
  "num_warmup": 1,
  "timing": {
    "min_ms": 12.781236,
    "max_ms": 14.972738,
    "avg_ms": 14.0811475,
    "all_runs_ms": [
      15.829556000000002,
      14.322058,
      14.206218,
      14.542601000000001,
      13.478521,
      13.722837,
      11.614949,
      12.781236,
      14.972738,
      14.622971
    ]
  },
  "resource_usage": [
    {
      "timestamp_ms": 1746108185579,
      "cpu_usage_percent": 8.733625,
      "memory_bytes": 8288534528
    },
    {
      "timestamp_ms": 1746108185787,
      "cpu_usage_percent": 12.380953,
      "memory_bytes": 8288534528
    }
  ]
}