{
  "query_file": "/home/eden/GraduationProject/ember-sgm/resources/plan/ldbc-bi-8.json",
  "storage_type": "neo4j",
  "cache_size": 512,
  "num_runs": 10,
  "num_warmup": 1,
  "timing": {
    "min_ms": 15.338354,
    "max_ms": 18.155837000000002,
    "avg_ms": 16.486020500000002,
    "all_runs_ms": [
      16.349356,
      15.338354,
      15.419201000000001,
      14.997741,
      15.710378,
      19.8743,
      18.155837000000002,
      17.091148,
      17.005139,
      16.818751
    ]
  },
  "resource_usage": [
    {
      "timestamp_ms": 1746108063738,
      "cpu_usage_percent": 4.878049,
      "memory_bytes": 7529259008
    },
    {
      "timestamp_ms": 1746108063949,
      "cpu_usage_percent": 18.289787,
      "memory_bytes": 7529259008
    }
  ]
}