{
  "query_file": "/home/eden/GraduationProject/ember-sgm/resources/plan/ldbc-bi-9.json",
  "storage_type": "neo4j",
  "cache_size": 512,
  "num_runs": 10,
  "num_warmup": 1,
  "timing": {
    "min_ms": 2.604327,
    "max_ms": 3.855808,
    "avg_ms": 3.2786584999999997,
    "all_runs_ms": [
      3.6926490000000003,
      3.855808,
      3.021462,
      3.024912,
      3.9991499999999998,
      3.6523689999999998,
      3.237005,
      3.140736,
      2.604327,
      2.4219939999999998
    ]
  },
  "resource_usage": [
    {
      "timestamp_ms": 1746108064199,
      "cpu_usage_percent": 1.6393442,
      "memory_bytes": 7529259008
    }
  ]
}