{
  "query_file": "/home/eden/GraduationProject/ember-sgm/resources/plan/ldbc-bi-13.json",
  "storage_type": "sqlite",
  "cache_size": 512,
  "num_runs": 10,
  "num_warmup": 1,
  "timing": {
    "min_ms": 50.117791000000004,
    "max_ms": 59.065239,
    "avg_ms": 54.531036875,
    "all_runs_ms": [
      50.117791000000004,
      59.065239,
      52.456266,
      60.794999000000004,
      55.942891,
      54.115861,
      55.975017,
      54.480843,
      54.094387,
      49.703933
    ]
  },
  "resource_usage": [
    {
      "timestamp_ms": 1746711619566,
      "cpu_usage_percent": 11.832061,
      "memory_bytes": 11909767168
    },
    {
      "timestamp_ms": 1746711619783,
      "cpu_usage_percent": 14.21801,
      "memory_bytes": 11909767168
    },
    {
      "timestamp_ms": 1746711619996,
      "cpu_usage_percent": 8.372093,
      "memory_bytes": 11878371328
    }
  ]
}