{
  "query_file": "/home/eden/GraduationProject/ember-sgm/resources/plan/ldbc-bi-20.json",
  "storage_type": "sqlite",
  "cache_size": 512,
  "num_runs": 10,
  "num_warmup": 1,
  "timing": {
    "min_ms": 26.536699,
    "max_ms": 31.358839,
    "avg_ms": 29.621391624999998,
    "all_runs_ms": [
      26.536699,
      28.82359,
      25.67135,
      30.350986,
      29.858668,
      31.358839,
      30.125961,
      29.703289,
      30.213100999999998,
      49.885399
    ]
  },
  "resource_usage": [
    {
      "timestamp_ms": 1746711627584,
      "cpu_usage_percent": 5.189621,
      "memory_bytes": 11944787968
    },
    {
      "timestamp_ms": 1746711627794,
      "cpu_usage_percent": 3.5629456,
      "memory_bytes": 11913392128
    }
  ]
}