{
  "query_file": "/home/eden/GraduationProject/ember-sgm/resources/plan/ldbc-bi-4.json",
  "storage_type": "sqlite",
  "cache_size": 512,
  "num_runs": 10,
  "num_warmup": 1,
  "timing": {
    "min_ms": 35.767581,
    "max_ms": 42.083111,
    "avg_ms": 38.900466875000006,
    "all_runs_ms": [
      37.211411999999996,
      42.083111,
      37.810029,
      42.722015,
      35.767581,
      41.992591000000004,
      39.74648800000001,
      33.439513999999996,
      38.049850000000006,
      38.542673
    ]
  },
  "resource_usage": [
    {
      "timestamp_ms": 1746711603148,
      "cpu_usage_percent": 16.595745,
      "memory_bytes": 4832894976
    },
    {
      "timestamp_ms": 1746711603356,
      "cpu_usage_percent": 17.5,
      "memory_bytes": 4801499136
    }
  ]
}