{
  "query_file": "/home/eden/GraduationProject/ember-sgm/resources/plan/ldbc-bi-8.json",
  "storage_type": "sqlite",
  "cache_size": 512,
  "num_runs": 10,
  "num_warmup": 1,
  "timing": {
    "min_ms": 42.604744,
    "max_ms": 50.824524000000004,
    "avg_ms": 46.218656624999994,
    "all_runs_ms": [
      45.556075,
      48.472809999999996,
      41.754168,
      42.604744,
      46.729145,
      50.824524000000004,
      43.824326,
      51.0844,
      46.244246000000004,
      45.493383
    ]
  },
  "resource_usage": [
    {
      "timestamp_ms": 1746711613481,
      "cpu_usage_percent": 14.51613,
      "memory_bytes": 11764088832
    },
    {
      "timestamp_ms": 1746711613695,
      "cpu_usage_percent": 16.209476,
      "memory_bytes": 11764088832
    },
    {
      "timestamp_ms": 1746711613907,
      "cpu_usage_percent": 2.857143,
      "memory_bytes": 11732692992
    }
  ]
}