{
  "query_file": "/home/eden/GraduationProject/ember-sgm/resources/plan/ldbc-bi-9.json",
  "storage_type": "sqlite",
  "cache_size": 512,
  "num_runs": 10,
  "num_warmup": 1,
  "timing": {
    "min_ms": 18.296428,
    "max_ms": 21.675378,
    "avg_ms": 19.640444375,
    "all_runs_ms": [
      23.358912999999998,
      21.675378,
      19.462867,
      21.142613,
      19.067763000000003,
      19.269061,
      17.394333000000003,
      19.707965,
      18.296428,
      18.50148
    ]
  },
  "resource_usage": [
    {
      "timestamp_ms": 1746711614158,
      "cpu_usage_percent": 4.251012,
      "memory_bytes": 11739033600
    }
  ]
}